-- MySQL dump 10.13  Distrib 8.0.43, for Win64 (x86_64)
--
-- Host: localhost    Database: sgo
-- ------------------------------------------------------
-- Server version	8.4.6

/*!40101 SET @OLD_CHARACTER_SET_CLIENT=@@CHARACTER_SET_CLIENT */;
/*!40101 SET @OLD_CHARACTER_SET_RESULTS=@@CHARACTER_SET_RESULTS */;
/*!40101 SET @OLD_COLLATION_CONNECTION=@@COLLATION_CONNECTION */;
/*!50503 SET NAMES utf8 */;
/*!40103 SET @OLD_TIME_ZONE=@@TIME_ZONE */;
/*!40103 SET TIME_ZONE='+00:00' */;
/*!40014 SET @OLD_UNIQUE_CHECKS=@@UNIQUE_CHECKS, UNIQUE_CHECKS=0 */;
/*!40014 SET @OLD_FOREIGN_KEY_CHECKS=@@FOREIGN_KEY_CHECKS, FOREIGN_KEY_CHECKS=0 */;
/*!40101 SET @OLD_SQL_MODE=@@SQL_MODE, SQL_MODE='NO_AUTO_VALUE_ON_ZERO' */;
/*!40111 SET @OLD_SQL_NOTES=@@SQL_NOTES, SQL_NOTES=0 */;

--
-- Table structure for table `centros_formacion`
--

DROP TABLE IF EXISTS `centros_formacion`;
/*!40101 SET @saved_cs_client     = @@character_set_client */;
/*!50503 SET character_set_client = utf8mb4 */;
CREATE TABLE `centros_formacion` (
  `id` int NOT NULL AUTO_INCREMENT,
  `codigo_centro` varchar(10) NOT NULL,
  `nombre_centro` varchar(255) NOT NULL,
  `regional` varchar(100) NOT NULL,
  PRIMARY KEY (`id`),
  UNIQUE KEY `codigo_centro` (`codigo_centro`)
) ENGINE=InnoDB AUTO_INCREMENT=8 DEFAULT CHARSET=utf8mb4 COLLATE=utf8mb4_0900_ai_ci;
/*!40101 SET character_set_client = @saved_cs_client */;

--
-- Dumping data for table `centros_formacion`
--

LOCK TABLES `centros_formacion` WRITE;
/*!40000 ALTER TABLE `centros_formacion` DISABLE KEYS */;
INSERT INTO `centros_formacion` VALUES (1,'9544','CENTRO DE BIOTECNOLOGIA INDUSTRIAL','76 - REGIONAL VALLE');
/*!40000 ALTER TABLE `centros_formacion` ENABLE KEYS */;
UNLOCK TABLES;

--
-- Table structure for table `ciclo_secciones`
--

DROP TABLE IF EXISTS `ciclo_secciones`;
/*!40101 SET @saved_cs_client     = @@character_set_client */;
/*!50503 SET character_set_client = utf8mb4 */;
CREATE TABLE `ciclo_secciones` (
  `id` int NOT NULL AUTO_INCREMENT,
  `ciclo_id` int NOT NULL,
  `tipo_seccion` enum('Reflexion','Contextualizacion','Apropiacion','Transferencia') NOT NULL,
  `titulo` varchar(255) DEFAULT NULL,
  `contenido_html` text,
  `orden` int DEFAULT '1',
  PRIMARY KEY (`id`),
  KEY `fk_seccion_ciclo` (`ciclo_id`),
  CONSTRAINT `fk_seccion_ciclo` FOREIGN KEY (`ciclo_id`) REFERENCES `ciclos_didacticos` (`id`) ON DELETE CASCADE
) ENGINE=InnoDB DEFAULT CHARSET=utf8mb4 COLLATE=utf8mb4_0900_ai_ci;
/*!40101 SET character_set_client = @saved_cs_client */;

--
-- Dumping data for table `ciclo_secciones`
--

LOCK TABLES `ciclo_secciones` WRITE;
/*!40000 ALTER TABLE `ciclo_secciones` DISABLE KEYS */;
/*!40000 ALTER TABLE `ciclo_secciones` ENABLE KEYS */;
UNLOCK TABLES;

--
-- Table structure for table `ciclos_didacticos`
--

DROP TABLE IF EXISTS `ciclos_didacticos`;
/*!40101 SET @saved_cs_client     = @@character_set_client */;
/*!50503 SET character_set_client = utf8mb4 */;
CREATE TABLE `ciclos_didacticos` (
  `id` int NOT NULL AUTO_INCREMENT,
  `ova_id` int NOT NULL,
  `fase_proyecto_id` int NOT NULL,
  `titulo` varchar(255) DEFAULT NULL,
  `descripcion_general` text,
  `orden` int DEFAULT '1',
  PRIMARY KEY (`id`),
  KEY `fk_cd_ova` (`ova_id`),
  KEY `fk_cd_fase_proy` (`fase_proyecto_id`),
  CONSTRAINT `fk_cd_fase_proy` FOREIGN KEY (`fase_proyecto_id`) REFERENCES `fases_proyecto` (`id`),
  CONSTRAINT `fk_cd_ova` FOREIGN KEY (`ova_id`) REFERENCES `ovas` (`id`) ON DELETE CASCADE
) ENGINE=InnoDB DEFAULT CHARSET=utf8mb4 COLLATE=utf8mb4_0900_ai_ci;
/*!40101 SET character_set_client = @saved_cs_client */;

--
-- Dumping data for table `ciclos_didacticos`
--

LOCK TABLES `ciclos_didacticos` WRITE;
/*!40000 ALTER TABLE `ciclos_didacticos` DISABLE KEYS */;
/*!40000 ALTER TABLE `ciclos_didacticos` ENABLE KEYS */;
UNLOCK TABLES;

--
-- Table structure for table `competencias`
--

DROP TABLE IF EXISTS `competencias`;
/*!40101 SET @saved_cs_client     = @@character_set_client */;
/*!50503 SET character_set_client = utf8mb4 */;
CREATE TABLE `competencias` (
  `id` int NOT NULL AUTO_INCREMENT,
  `programa_id` int NOT NULL,
  `codigo_norma` varchar(50) NOT NULL,
  `nombre` text NOT NULL,
  PRIMARY KEY (`id`),
  KEY `fk_comp_programa` (`programa_id`),
  CONSTRAINT `fk_comp_programa` FOREIGN KEY (`programa_id`) REFERENCES `programas` (`programa_id`) ON DELETE CASCADE
) ENGINE=InnoDB AUTO_INCREMENT=60 DEFAULT CHARSET=utf8mb4 COLLATE=utf8mb4_0900_ai_ci;
/*!40101 SET character_set_client = @saved_cs_client */;

--
-- Dumping data for table `competencias`
--

LOCK TABLES `competencias` WRITE;
/*!40000 ALTER TABLE `competencias` DISABLE KEYS */;
INSERT INTO `competencias` VALUES (14,1,'38368','DESARROLLAR LA SOLUCIÓN DE SOFTWARE DE ACUERDO CON EL DISEÑO Y METODOLOGÍAS DE DESARROLLO'),(21,2,'2','RESULTADOS DE APRENDIZAJE ETAPA PRACTICA'),(22,2,'36180','Enrique Low Murtra-Interactuar en el contexto productivo y social de acuerdo con principios  éticos para la construcción de una cultura de paz.'),(23,2,'36182','Resultado de Aprendizaje de la Inducción.'),(24,2,'37371','Utilizar herramientas informáticas de acuerdo con las necesidades de manejo de información'),(25,2,'37714','INTERACTUAR EN LENGUA INGLESA DE FORMA ORAL Y ESCRITA DENTRO DE CONTEXTOS SOCIALES Y LABORALES SEGÚN LOS CRITERIOS ESTABLECIDOS POR EL MARCO COMÚN EUROPEO DE REFERENCIA PARA LAS LENGUAS.'),(26,2,'37799','APLICAR PRÁCTICAS  DE PROTECCIÓN AMBIENTAL, SEGURIDAD Y SALUD EN EL TRABAJO DE ACUERDO CON LAS POLÍTICAS ORGANIZACIONALES  Y LA NORMATIVIDAD VIGENTE.'),(27,2,'37800','GENERAR HÁBITOS SALUDABLES DE VIDA MEDIANTE LA APLICACIÓN DE PROGRAMAS DE ACTIVIDAD FÍSICA EN LOS CONTEXTOS PRODUCTIVOS Y SOCIALES.'),(28,2,'37801','APLICACIÓN DE CONOCIMIENTOS DE LAS CIENCIAS NATURALES DE ACUERDO CON SITUACIONES DEL CONTEXTO PRODUCTIVO Y SOCIAL.'),(29,2,'37802','DESARROLLAR PROCESOS DE COMUNICACIÓN EFICACES Y EFECTIVOS, TENIENDO EN CUENTA SITUACIONES  DE ORDEN SOCIAL, PERSONAL Y PRODUCTIVO.'),(30,2,'38120','Instalar equipos industriales según procedimientos técnicos'),(31,2,'38199','Orientar investigación formativa según referentes técnicos'),(32,2,'38558','Ejercer derechos fundamentales del trabajo en el marco de la constitución política y los convenios internacionales.'),(33,2,'38560','Razonar cuantitativamente frente a situaciones susceptibles de ser abordadas de manera matemática en contextos laborales, sociales y personales.'),(34,2,'38561','Gestionar procesos propios de la cultura emprendedora y empresarial de acuerdo con el perfil personal y los requerimientos de los contextos productivo y social.'),(35,2,'38587','Intervenir equipos de acuerdo con técnicas de mantenimiento preventivo'),(36,2,'39341','Reparar equipos según procedimiento y manuales técnicos'),(37,4,'1','PROMOVER LA INTERACCIÓN IDÓNEA CONSIGO MISMO, CON LOS DEMÁS Y CON LA NATURALEZA EN LOS CONTEXTOS LABORAL Y SOCIAL'),(38,4,'2','RESULTADOS DE APRENDIZAJE ETAPA PRACTICA'),(39,4,'2900','PRODUCIR LOS DOCUMENTOS QUE SE ORIGINEN DE LAS FUNCIONES ADMINISTRATIVAS, SIGUIENDO LA NORMA TÉCNICA Y LA LEGISLACIÓN VIGENTE.'),(40,4,'2901','ORGANIZAR EVENTOS QUE PROMUEVAN LAS RELACIONES EMPRESARIALES, TENIENDO EN CUENTA EL OBJETO SOCIAL DE LA EMPRESA.'),(41,4,'2902','INTERVENIR EN EL DESARROLLO DE LOS PROGRAMAS DE MEJORAMIENTO ORGANIZACIONAL QUE SE DERIVEN DE LA FUNCIÓN ADMINISTRATIVA'),(42,4,'2905','PROPONER PROGRAMAS DE CAPACITACIÓN PARA EL PERSONAL DE LA UNIDAD ADMINISTRATIVA, DE ACUERDO CON LAS POLÍTICAS DE LA ORGANIZACIÓN'),(43,4,'2906','COORDINAR LAS ACTIVIDADES DEL TALENTO HUMANO ASIGNADO, TENIENDO EN CUENTA LAS FUNCIONES DE LA UNIDAD ADMINISTRATIVA'),(44,4,'2907','ORGANIZAR LA DOCUMENTACIÓN TENIENDO EN CUENTA LAS NORMAS LEGALES Y DE LA ORGANIZACIÓN'),(45,4,'2909','FACILITAR EL SERVICIO A LOS CLIENTES INTERNOS Y EXTERNOS DE ACUERDO CON LAS POLÍTICAS DE LA ORGANIZACIÓN.'),(46,4,'2910','PROCESAR LA INFORMACIÓN DE ACUERDO CON LAS NECESIDADES DE LA ORGANIZACIÓN'),(47,4,'2911','APLICAR TECNOLOGÍAS DE LA INFORMACIÓN TENIENDO EN CUENTA LAS NECESIDADES DE LA UNIDAD ADMINISTRATIVA.'),(48,4,'2912','CONTABILIZAR OPERACIONES DE ACUERDO CON LAS NORMAS VIGENTES Y LAS POLÍTICAS ORGANIZACIONALES.'),(49,4,'3226','COMPRENDER TEXTOS EN INGLÉS EN FORMA ESCRITA Y AUDITIVA'),(50,4,'3227','PRODUCIR TEXTOS EN INGLÉS EN FORMA ESCRITA Y ORAL'),(51,7,'1','PROMOVER LA INTERACCIÓN IDÓNEA CONSIGO MISMO, CON LOS DEMÁS Y CON LA NATURALEZA EN LOS CONTEXTOS LABORAL Y SOCIAL'),(52,7,'2','RESULTADOS DE APRENDIZAJE ETAPA PRACTICA'),(53,7,'3226','COMPRENDER TEXTOS EN INGLÉS EN FORMA ESCRITA Y AUDITIVA'),(54,7,'3227','PRODUCIR TEXTOS EN INGLÉS EN FORMA ESCRITA Y ORAL'),(55,7,'4490','ESTABLECER LAS ACTIVIDADES OPERATIVAS EN EL ÁREA DE MANTENIMIENTO ELECTRÓNICO E INSTRUMENTAL INDUSTRIAL DE ACUERDO CON EL PLAN DE MANTENIMIENTO.'),(56,7,'4491','INSPECCIONAR DE LOS BIENES LOS SISTEMAS ELECTRÓNICOS E INSTRUMENTAL INDUSTRIAL COMPROBANDO SU ESTADO ACTUAL CON RELACIÓN A SUS ESPECIFICACIONES TÉCNICAS.'),(57,7,'4492','PREDECIR FALLAS DE LOS SISTEMAS ELECTRÓNICOS E INSTRUMENTAL INDUSTRIAL, VERIFICANDO CONTINUAMENTE EL ESTADO ACTUAL BIEN FRENTE A LOS PARÁMETROS ESTABLECIDOS.'),(58,7,'4493','CORREGIR DE UN BIEN LOS SISTEMAS ELECTRÓNICOS E INSTRUMENTAL INDUSTRIAL DE ACUERDO CON SUS ESPECIFICACIONES TÉCNICAS.'),(59,7,'4494','MEJORAR EL SISTEMA ELECTRÓNICO E INSTRUMENTAL INDUSTRIAL DE UN BIEN O PROCESO MEDIANTE LA ALTERACIÓN DE UN PARÁMETRO TÉCNICO PARA PERFECCIONAR SUS CARACTERÍSTICAS INICIALES.');
/*!40000 ALTER TABLE `competencias` ENABLE KEYS */;
UNLOCK TABLES;

--
-- Table structure for table `configuracion_sistema`
--

DROP TABLE IF EXISTS `configuracion_sistema`;
/*!40101 SET @saved_cs_client     = @@character_set_client */;
/*!50503 SET character_set_client = utf8mb4 */;
CREATE TABLE `configuracion_sistema` (
  `clave` varchar(50) NOT NULL,
  `valor` text NOT NULL,
  `ultima_edicion_por` int DEFAULT NULL,
  `updated_at` timestamp NULL DEFAULT CURRENT_TIMESTAMP ON UPDATE CURRENT_TIMESTAMP,
  PRIMARY KEY (`clave`),
  KEY `fk_config_admin` (`ultima_edicion_por`),
  CONSTRAINT `fk_config_admin` FOREIGN KEY (`ultima_edicion_por`) REFERENCES `usuarios` (`id`)
) ENGINE=InnoDB DEFAULT CHARSET=utf8mb4 COLLATE=utf8mb4_0900_ai_ci;
/*!40101 SET character_set_client = @saved_cs_client */;

--
-- Dumping data for table `configuracion_sistema`
--

LOCK TABLES `configuracion_sistema` WRITE;
/*!40000 ALTER TABLE `configuracion_sistema` DISABLE KEYS */;
INSERT INTO `configuracion_sistema` VALUES ('intentos_test_ova','3',1,'2026-04-30 16:11:50'),('prompt_sistema_ova','Probando un nuevo prompt para la IA con la validacion de 50 caracteres',1,'2026-05-08 11:39:13'),('umbral_min_ova','70',1,'2026-04-22 12:06:03');
/*!40000 ALTER TABLE `configuracion_sistema` ENABLE KEYS */;
UNLOCK TABLES;

--
-- Table structure for table `conocimientos_proceso`
--

DROP TABLE IF EXISTS `conocimientos_proceso`;
/*!40101 SET @saved_cs_client     = @@character_set_client */;
/*!50503 SET character_set_client = utf8mb4 */;
CREATE TABLE `conocimientos_proceso` (
  `id` int NOT NULL AUTO_INCREMENT,
  `rap_id` int NOT NULL,
  `descripcion` text,
  PRIMARY KEY (`id`),
  KEY `fk_proc_rap` (`rap_id`),
  CONSTRAINT `fk_proc_rap` FOREIGN KEY (`rap_id`) REFERENCES `resultados_aprendizaje` (`id`) ON DELETE CASCADE
) ENGINE=InnoDB AUTO_INCREMENT=38 DEFAULT CHARSET=utf8mb4 COLLATE=utf8mb4_0900_ai_ci;
/*!40101 SET character_set_client = @saved_cs_client */;

--
-- Dumping data for table `conocimientos_proceso`
--

LOCK TABLES `conocimientos_proceso` WRITE;
/*!40000 ALTER TABLE `conocimientos_proceso` DISABLE KEYS */;
INSERT INTO `conocimientos_proceso` VALUES (27,50,'Prueba'),(28,51,'Prueba'),(31,52,'Prueba'),(36,49,'Prueba'),(37,48,'Prueba');
/*!40000 ALTER TABLE `conocimientos_proceso` ENABLE KEYS */;
UNLOCK TABLES;

--
-- Table structure for table `conocimientos_saber`
--

DROP TABLE IF EXISTS `conocimientos_saber`;
/*!40101 SET @saved_cs_client     = @@character_set_client */;
/*!50503 SET character_set_client = utf8mb4 */;
CREATE TABLE `conocimientos_saber` (
  `id` int NOT NULL AUTO_INCREMENT,
  `rap_id` int NOT NULL,
  `descripcion` text,
  PRIMARY KEY (`id`),
  KEY `fk_saber_rap` (`rap_id`),
  CONSTRAINT `fk_saber_rap` FOREIGN KEY (`rap_id`) REFERENCES `resultados_aprendizaje` (`id`) ON DELETE CASCADE
) ENGINE=InnoDB AUTO_INCREMENT=20 DEFAULT CHARSET=utf8mb4 COLLATE=utf8mb4_0900_ai_ci;
/*!40101 SET character_set_client = @saved_cs_client */;

--
-- Dumping data for table `conocimientos_saber`
--

LOCK TABLES `conocimientos_saber` WRITE;
/*!40000 ALTER TABLE `conocimientos_saber` DISABLE KEYS */;
INSERT INTO `conocimientos_saber` VALUES (10,50,'Prueba'),(11,51,'Prueba'),(14,52,'Prueba'),(18,49,'Prueba'),(19,48,'Prueba');
/*!40000 ALTER TABLE `conocimientos_saber` ENABLE KEYS */;
UNLOCK TABLES;

--
-- Table structure for table `criterios_evaluacion`
--

DROP TABLE IF EXISTS `criterios_evaluacion`;
/*!40101 SET @saved_cs_client     = @@character_set_client */;
/*!50503 SET character_set_client = utf8mb4 */;
CREATE TABLE `criterios_evaluacion` (
  `id` int NOT NULL AUTO_INCREMENT,
  `rap_id` int NOT NULL,
  `descripcion` text,
  PRIMARY KEY (`id`),
  KEY `fk_crit_rap` (`rap_id`),
  CONSTRAINT `fk_crit_rap` FOREIGN KEY (`rap_id`) REFERENCES `resultados_aprendizaje` (`id`) ON DELETE CASCADE
) ENGINE=InnoDB AUTO_INCREMENT=13 DEFAULT CHARSET=utf8mb4 COLLATE=utf8mb4_0900_ai_ci;
/*!40101 SET character_set_client = @saved_cs_client */;

--
-- Dumping data for table `criterios_evaluacion`
--

LOCK TABLES `criterios_evaluacion` WRITE;
/*!40000 ALTER TABLE `criterios_evaluacion` DISABLE KEYS */;
INSERT INTO `criterios_evaluacion` VALUES (3,50,'Prueba'),(4,51,'Prueba'),(7,52,'Prueba'),(11,49,'Prueba'),(12,48,'Prueba');
/*!40000 ALTER TABLE `criterios_evaluacion` ENABLE KEYS */;
UNLOCK TABLES;

--
-- Table structure for table `expertos_semillas`
--

DROP TABLE IF EXISTS `expertos_semillas`;
/*!40101 SET @saved_cs_client     = @@character_set_client */;
/*!50503 SET character_set_client = utf8mb4 */;
CREATE TABLE `expertos_semillas` (
  `id` int NOT NULL AUTO_INCREMENT,
  `experto_id` int NOT NULL,
  `semilla_id` int NOT NULL,
  `competencia_id` int NOT NULL,
  `fecha_asignacion` timestamp NULL DEFAULT CURRENT_TIMESTAMP,
  PRIMARY KEY (`id`),
  UNIQUE KEY `experto_id` (`experto_id`,`semilla_id`,`competencia_id`),
  KEY `fk_rel_semilla` (`semilla_id`),
  KEY `fk_rel_competencia` (`competencia_id`),
  CONSTRAINT `fk_rel_competencia` FOREIGN KEY (`competencia_id`) REFERENCES `competencias` (`id`) ON DELETE CASCADE,
  CONSTRAINT `fk_rel_experto` FOREIGN KEY (`experto_id`) REFERENCES `usuarios` (`id`) ON DELETE CASCADE,
  CONSTRAINT `fk_rel_semilla` FOREIGN KEY (`semilla_id`) REFERENCES `semillas` (`id`) ON DELETE CASCADE
) ENGINE=InnoDB AUTO_INCREMENT=4 DEFAULT CHARSET=utf8mb4 COLLATE=utf8mb4_0900_ai_ci;
/*!40101 SET character_set_client = @saved_cs_client */;

--
-- Dumping data for table `expertos_semillas`
--

LOCK TABLES `expertos_semillas` WRITE;
/*!40000 ALTER TABLE `expertos_semillas` DISABLE KEYS */;
INSERT INTO `expertos_semillas` VALUES (1,3,1,14,'2026-05-18 04:06:15'),(2,4,1,14,'2026-05-18 04:06:15'),(3,5,1,14,'2026-05-18 04:06:15');
/*!40000 ALTER TABLE `expertos_semillas` ENABLE KEYS */;
UNLOCK TABLES;

--
-- Table structure for table `fases_proyecto`
--

DROP TABLE IF EXISTS `fases_proyecto`;
/*!40101 SET @saved_cs_client     = @@character_set_client */;
/*!50503 SET character_set_client = utf8mb4 */;
CREATE TABLE `fases_proyecto` (
  `id` int NOT NULL AUTO_INCREMENT,
  `sigla` varchar(5) NOT NULL,
  `nombre_fase` varchar(50) NOT NULL,
  PRIMARY KEY (`id`),
  UNIQUE KEY `sigla` (`sigla`)
) ENGINE=InnoDB DEFAULT CHARSET=utf8mb4 COLLATE=utf8mb4_0900_ai_ci;
/*!40101 SET character_set_client = @saved_cs_client */;

--
-- Dumping data for table `fases_proyecto`
--

LOCK TABLES `fases_proyecto` WRITE;
/*!40000 ALTER TABLE `fases_proyecto` DISABLE KEYS */;
/*!40000 ALTER TABLE `fases_proyecto` ENABLE KEYS */;
UNLOCK TABLES;

--
-- Table structure for table `fichas`
--

DROP TABLE IF EXISTS `fichas`;
/*!40101 SET @saved_cs_client     = @@character_set_client */;
/*!50503 SET character_set_client = utf8mb4 */;
CREATE TABLE `fichas` (
  `id` int NOT NULL AUTO_INCREMENT,
  `codigo_ficha` varchar(20) NOT NULL,
  `ficha_caracterizacion` varchar(20) NOT NULL,
  `programa_id` int NOT NULL,
  `centro_id` int NOT NULL,
  `semilla_id` int DEFAULT NULL,
  `fecha_inicio` date NOT NULL,
  `fecha_fin` date NOT NULL,
  `modalidad` varchar(50) NOT NULL,
  `estado_caracterizacion` varchar(100) DEFAULT NULL,
  `estado` enum('lectiva','productiva','finalizada') DEFAULT 'lectiva',
  `created_at` timestamp NULL DEFAULT CURRENT_TIMESTAMP,
  PRIMARY KEY (`id`),
  UNIQUE KEY `codigo_ficha` (`codigo_ficha`),
  UNIQUE KEY `ficha_caracterizacion` (`ficha_caracterizacion`),
  KEY `fk_ficha_programa` (`programa_id`),
  KEY `fk_ficha_centro` (`centro_id`),
  KEY `fk_ficha_semilla` (`semilla_id`),
  CONSTRAINT `fk_ficha_centro` FOREIGN KEY (`centro_id`) REFERENCES `centros_formacion` (`id`),
  CONSTRAINT `fk_ficha_programa` FOREIGN KEY (`programa_id`) REFERENCES `programas` (`programa_id`),
  CONSTRAINT `fk_ficha_semilla` FOREIGN KEY (`semilla_id`) REFERENCES `semillas` (`id`) ON DELETE SET NULL
) ENGINE=InnoDB AUTO_INCREMENT=8 DEFAULT CHARSET=utf8mb4 COLLATE=utf8mb4_0900_ai_ci;
/*!40101 SET character_set_client = @saved_cs_client */;

--
-- Dumping data for table `fichas`
--

LOCK TABLES `fichas` WRITE;
/*!40000 ALTER TABLE `fichas` DISABLE KEYS */;
INSERT INTO `fichas` VALUES (1,'3066202','3066202',1,1,NULL,'2024-10-15','2027-01-14','PRESENCIAL','EN EJECUCION','lectiva','2026-04-22 12:51:46'),(2,'2999176','2999176',2,1,NULL,'2024-07-08','2026-10-07','PRESENCIAL','EN EJECUCION','lectiva','2026-04-30 16:16:07'),(3,'2849458','2849458',1,1,NULL,'2023-11-07','2026-02-06','PRESENCIAL','TERMINADA POR FECHA','lectiva','2026-04-30 16:20:12'),(4,'3315592','3315592',4,1,NULL,'2025-10-09','2027-10-08','PRESENCIAL','EN EJECUCION','lectiva','2026-04-30 16:20:26'),(6,'2824518','2824518',4,1,NULL,'2023-10-02','2025-10-06','PRESENCIAL','TERMINADA POR FECHA','lectiva','2026-05-08 11:28:40'),(7,'2928090','2928090',7,1,NULL,'2024-04-15','2026-04-14','PRESENCIAL','EN EJECUCION','lectiva','2026-05-08 11:28:52');
/*!40000 ALTER TABLE `fichas` ENABLE KEYS */;
UNLOCK TABLES;

--
-- Table structure for table `invitaciones`
--

DROP TABLE IF EXISTS `invitaciones`;
/*!40101 SET @saved_cs_client     = @@character_set_client */;
/*!50503 SET character_set_client = utf8mb4 */;
CREATE TABLE `invitaciones` (
  `invitacion_id` int NOT NULL AUTO_INCREMENT,
  `correo` varchar(255) NOT NULL,
  `rol_id` int NOT NULL,
  `token` varchar(255) NOT NULL,
  `expiracion` datetime NOT NULL,
  `usado` tinyint(1) DEFAULT '0',
  `created_at` timestamp NULL DEFAULT CURRENT_TIMESTAMP,
  PRIMARY KEY (`invitacion_id`),
  UNIQUE KEY `correo` (`correo`),
  KEY `fk_inv_rol_fk` (`rol_id`),
  CONSTRAINT `fk_inv_rol_fk` FOREIGN KEY (`rol_id`) REFERENCES `roles` (`rol_id`)
) ENGINE=InnoDB AUTO_INCREMENT=4 DEFAULT CHARSET=utf8mb4 COLLATE=utf8mb4_0900_ai_ci;
/*!40101 SET character_set_client = @saved_cs_client */;

--
-- Dumping data for table `invitaciones`
--

LOCK TABLES `invitaciones` WRITE;
/*!40000 ALTER TABLE `invitaciones` DISABLE KEYS */;
INSERT INTO `invitaciones` VALUES (1,'juliandguevara12@gmail.com',5,'b756e05487fa0a0c33e8d5f4d27a2dc6a5b4fd501ef6cc9bf4de9a6bdba1bd02','2026-04-23 06:27:52',1,'2026-04-22 11:27:51'),(2,'juliandguevara13@gmail.com',4,'d599d49ef9840982759b3861f4d23e0561f78919ba0ea19bd5124f9f922852bd','2026-04-23 06:29:49',1,'2026-04-22 11:29:48'),(3,'juliandguevara25@gmail.com',3,'18745a3d1aa07f1f35ea6e10df9f85ef2b0f33dfd6fec2b33e25d177f03e65c2','2026-05-18 23:41:26',1,'2026-05-18 04:41:25');
/*!40000 ALTER TABLE `invitaciones` ENABLE KEYS */;
UNLOCK TABLES;

--
-- Table structure for table `matriculas_aprendices`
--

DROP TABLE IF EXISTS `matriculas_aprendices`;
/*!40101 SET @saved_cs_client     = @@character_set_client */;
/*!50503 SET character_set_client = utf8mb4 */;
CREATE TABLE `matriculas_aprendices` (
  `id` int NOT NULL AUTO_INCREMENT,
  `aprendiz_id` int NOT NULL,
  `ficha_id` int NOT NULL,
  PRIMARY KEY (`id`),
  UNIQUE KEY `aprendiz_id` (`aprendiz_id`,`ficha_id`),
  KEY `fk_mat_ficha` (`ficha_id`),
  CONSTRAINT `fk_mat_ficha` FOREIGN KEY (`ficha_id`) REFERENCES `fichas` (`id`) ON DELETE CASCADE,
  CONSTRAINT `fk_mat_user` FOREIGN KEY (`aprendiz_id`) REFERENCES `usuarios` (`id`)
) ENGINE=InnoDB DEFAULT CHARSET=utf8mb4 COLLATE=utf8mb4_0900_ai_ci;
/*!40101 SET character_set_client = @saved_cs_client */;

--
-- Dumping data for table `matriculas_aprendices`
--

LOCK TABLES `matriculas_aprendices` WRITE;
/*!40000 ALTER TABLE `matriculas_aprendices` DISABLE KEYS */;
/*!40000 ALTER TABLE `matriculas_aprendices` ENABLE KEYS */;
UNLOCK TABLES;

--
-- Table structure for table `ovas`
--

DROP TABLE IF EXISTS `ovas`;
/*!40101 SET @saved_cs_client     = @@character_set_client */;
/*!50503 SET character_set_client = utf8mb4 */;
CREATE TABLE `ovas` (
  `id` int NOT NULL AUTO_INCREMENT,
  `semilla_id` int NOT NULL,
  `competencia_id` int NOT NULL,
  `titulo` varchar(255) NOT NULL,
  `descripcion` text,
  `activo` tinyint(1) DEFAULT '1',
  `created_at` timestamp NULL DEFAULT CURRENT_TIMESTAMP,
  PRIMARY KEY (`id`),
  KEY `fk_ova_semilla` (`semilla_id`),
  KEY `fk_ova_competencia` (`competencia_id`),
  CONSTRAINT `fk_ova_competencia` FOREIGN KEY (`competencia_id`) REFERENCES `competencias` (`id`) ON DELETE CASCADE,
  CONSTRAINT `fk_ova_semilla` FOREIGN KEY (`semilla_id`) REFERENCES `semillas` (`id`) ON DELETE CASCADE
) ENGINE=InnoDB DEFAULT CHARSET=utf8mb4 COLLATE=utf8mb4_0900_ai_ci;
/*!40101 SET character_set_client = @saved_cs_client */;

--
-- Dumping data for table `ovas`
--

LOCK TABLES `ovas` WRITE;
/*!40000 ALTER TABLE `ovas` DISABLE KEYS */;
/*!40000 ALTER TABLE `ovas` ENABLE KEYS */;
UNLOCK TABLES;

--
-- Table structure for table `programas`
--

DROP TABLE IF EXISTS `programas`;
/*!40101 SET @saved_cs_client     = @@character_set_client */;
/*!50503 SET character_set_client = utf8mb4 */;
CREATE TABLE `programas` (
  `programa_id` int NOT NULL AUTO_INCREMENT,
  `codigo` varchar(20) NOT NULL,
  `nombre` varchar(255) NOT NULL,
  `denominacion` text NOT NULL,
  `version` varchar(10) NOT NULL,
  `nivel_formacion` varchar(100) DEFAULT NULL,
  PRIMARY KEY (`programa_id`),
  UNIQUE KEY `codigo` (`codigo`,`version`)
) ENGINE=InnoDB AUTO_INCREMENT=8 DEFAULT CHARSET=utf8mb4 COLLATE=utf8mb4_0900_ai_ci;
/*!40101 SET character_set_client = @saved_cs_client */;

--
-- Dumping data for table `programas`
--

LOCK TABLES `programas` WRITE;
/*!40000 ALTER TABLE `programas` DISABLE KEYS */;
INSERT INTO `programas` VALUES (1,'228118','ANALISIS Y DESARROLLO DE SOFTWARE.','ANALISIS Y DESARROLLO DE SOFTWARE.','1','TECNOLOGO'),(2,'223206','MANTENIMIENTO MECANICO INDUSTRIAL.','MANTENIMIENTO MECANICO INDUSTRIAL.','1','TECNOLOGO'),(4,'122115','GESTIÓN ADMINISTRATIVA','GESTIÓN ADMINISTRATIVA','100','TECNOLOGO'),(7,'224208','MANTENIMIENTO ELECTRÓNICO E INSTRUMENTAL INDUSTRIAL','MANTENIMIENTO ELECTRÓNICO E INSTRUMENTAL INDUSTRIAL','100','TECNOLOGO');
/*!40000 ALTER TABLE `programas` ENABLE KEYS */;
UNLOCK TABLES;

--
-- Table structure for table `recursos_r2`
--

DROP TABLE IF EXISTS `recursos_r2`;
/*!40101 SET @saved_cs_client     = @@character_set_client */;
/*!50503 SET character_set_client = utf8mb4 */;
CREATE TABLE `recursos_r2` (
  `id` int NOT NULL AUTO_INCREMENT,
  `seccion_id` int NOT NULL,
  `nombre_archivo` varchar(255) DEFAULT NULL,
  `url_r2` text NOT NULL,
  `tipo_archivo` varchar(50) DEFAULT NULL,
  PRIMARY KEY (`id`),
  KEY `fk_recurso_seccion` (`seccion_id`),
  CONSTRAINT `fk_recurso_seccion` FOREIGN KEY (`seccion_id`) REFERENCES `ciclo_secciones` (`id`) ON DELETE CASCADE
) ENGINE=InnoDB DEFAULT CHARSET=utf8mb4 COLLATE=utf8mb4_0900_ai_ci;
/*!40101 SET character_set_client = @saved_cs_client */;

--
-- Dumping data for table `recursos_r2`
--

LOCK TABLES `recursos_r2` WRITE;
/*!40000 ALTER TABLE `recursos_r2` DISABLE KEYS */;
/*!40000 ALTER TABLE `recursos_r2` ENABLE KEYS */;
UNLOCK TABLES;

--
-- Table structure for table `resultados_aprendizaje`
--

DROP TABLE IF EXISTS `resultados_aprendizaje`;
/*!40101 SET @saved_cs_client     = @@character_set_client */;
/*!50503 SET character_set_client = utf8mb4 */;
CREATE TABLE `resultados_aprendizaje` (
  `id` int NOT NULL AUTO_INCREMENT,
  `competencia_id` int NOT NULL,
  `ciclo_id` int DEFAULT NULL,
  `codigo_rap` varchar(20) DEFAULT NULL,
  `denominacion` text NOT NULL,
  PRIMARY KEY (`id`),
  KEY `fk_comp_rap` (`competencia_id`),
  KEY `fk_rap_ciclo` (`ciclo_id`),
  CONSTRAINT `fk_comp_rap` FOREIGN KEY (`competencia_id`) REFERENCES `competencias` (`id`) ON DELETE CASCADE,
  CONSTRAINT `fk_rap_ciclo` FOREIGN KEY (`ciclo_id`) REFERENCES `ciclos_didacticos` (`id`) ON DELETE SET NULL
) ENGINE=InnoDB AUTO_INCREMENT=297 DEFAULT CHARSET=utf8mb4 COLLATE=utf8mb4_0900_ai_ci;
/*!40101 SET character_set_client = @saved_cs_client */;

--
-- Dumping data for table `resultados_aprendizaje`
--

LOCK TABLES `resultados_aprendizaje` WRITE;
/*!40000 ALTER TABLE `resultados_aprendizaje` DISABLE KEYS */;
INSERT INTO `resultados_aprendizaje` VALUES (48,14,NULL,'593104','03  CREAR COMPONENTES FRONT-END DEL SOFTWARE DE ACUERDO CON EL DISEÑO.'),(49,14,NULL,'593105','05  REALIZAR PRUEBAS AL SOFTWARE PARA VERIFICAR SU FUNCIONALIDAD.'),(50,14,NULL,'593106','01  PLANEAR ACTIVIDADES DE CONSTRUCCIÓN DEL SOFTWARE DE ACUERDO CON EL DISEÑO ESTABLECIDO.'),(51,14,NULL,'593107','02  CONSTRUIR LA BASE DE DATOS PARA EL SOFTWARE A PARTIR DEL MODELO DE DATOS.'),(52,14,NULL,'593108','04  CODIFICAR EL SOFTWARE DE ACUERDO CON EL DISEÑO ESTABLECIDO.'),(76,21,NULL,'576886','APLICAR EN LA RESOLUCIÓN DE PROBLEMAS REALES DEL SECTOR PRODUCTIVO, LOS CONOCIMIENTOS, HABILIDADES Y DESTREZAS PERTINENTES A LAS COMPETENCIAS DEL PROGRAMA DE FORMACIÓN ASUMIENDO ESTRATEGIAS Y METODOLOGÍAS DE AUTOGESTIÓN'),(77,22,NULL,'593864','PROMOVER EL USO RACIONAL DE LOS RECURSOS NATURALES A PARTIR DE CRITERIOS DE SOSTENIBILIDAD Y\nSUSTENTABILIDAD ÉTICA Y NORMATIVA VIGENTE'),(78,22,NULL,'593865','PROMOVER MI DIGNIDAD Y LA DEL OTRO A PARTIR DE LOS PRINCIPIOS Y VALORES ÉTICOS COMO APORTE EN LA\nINSTAURACIÓN DE UNA CULTURA DE PAZ'),(79,22,NULL,'593866','CONTRIBUIR CON EL FORTALECIMIENTO DE LA CULTURA DE PAZ A PARTIR DE LA DIGNIDAD HUMANA Y LAS\nESTRATEGIAS PARA LA TRANSFORMACIÓN DE CONFLICTOS'),(80,22,NULL,'593867','ESTABLECER RELACIONES DE CRECIMIENTO PERSONAL Y COMUNITARIO A PARTIR DEL BIEN COMÚN COMO\nAPORTE PARA EL DESARROLLO SOCIAL.'),(81,23,NULL,'609372','IDENTIFICAR LA DINÁMICA ORGANIZACIONAL DEL SENA Y EL ROL DE LA FORMACIÓN PROFESIONAL INTEGRAL DE ACUERDO CON SU PROYECTO DE VIDA Y EL DESARROLLO PROFESIONAL.'),(82,24,NULL,'578860','EVALUAR LOS RESULTADOS, DE ACUERDO CON LOS REQUERIMIENTOS.'),(83,24,NULL,'578861','APLICAR FUNCIONALIDADES DE HERRAMIENTAS Y SERVICIOS TIC, DE ACUERDO CON MANUALES DE USO,\nPROCEDIMIENTOS ESTABLECIDOS Y BUENAS PRÁCTICAS.'),(84,24,NULL,'578862','OPTIMIZAR LOS RESULTADOS, DE ACUERDO CON LA VERIFICACIÓN'),(85,24,NULL,'578863','ALISTAR HERRAMIENTAS DE TECNOLOGÍAS DE LA INFORMACIÓN Y LA COMUNICACIÓN (TIC), DE ACUERDO CON LAS NECESIDADES DE PROCESAMIENTO DE INFORMACIÓN Y COMUNICACIÓN'),(86,25,NULL,'593876','PRESENTAR UN PROCESO PARA LA REALIZACIÓN DE UNA ACTIVIDAD EN SU QUE HACER LABORAL DE ACUERDO CON LOS PROCEDIMIENTOS ESTABLECIDOS DESDE SU  PROGRAMA DE FORMACIÓN.'),(87,25,NULL,'593877','INTERCAMBIAR OPINIONES SOBRE SITUACIONES COTIDIANAS Y LABORALES ACTUALES, PASADAS Y FUTURAS EN CONTEXTOS SOCIALES ORALES Y ESCRITOS.'),(88,25,NULL,'593878','DISCUTIR SOBRE POSIBLES SOLUCIONES A PROBLEMAS DENTRO DE UN RANGO VARIADO DE CONTEXTOS SOCIALES Y LABORALES'),(89,25,NULL,'593879','COMPRENDER INFORMACIÓN SOBRE SITUACIONES COTIDIANAS Y LABORALES ACTUALES Y FUTURAS A TRAVÉS DE INTERACCIONES SOCIALES DE FORMA ORAL Y ESCRITA.'),(90,25,NULL,'593880','EXPLICAR LAS FUNCIONES DE SU OCUPACIÓN LABORAL USANDO EXPRESIONES DE ACUERDO AL NIVEL REQUERIDO POR EL PROGRAMA DE FORMACIÓN.'),(91,25,NULL,'593881','IMPLEMENTAR ACCIONES DE MEJORA RELACIONADAS CON EL USO DE EXPRESIONES, ESTRUCTURAS Y DESEMPEÑO SEGÚN LOS RESULTADOS DE APRENDIZAJE  FORMULADOS PARA EL PROGRAMA.'),(92,26,NULL,'609373','IMPLEMENTAR ESTRATEGIAS PARA EL CONTROL DE LOS IMPACTOS AMBIENTALES Y DE LOS ACCIDENTES Y ENFERMEDADES DE ACUERDO CON LOS PLANES Y PROGRAMAS ESTABLECIDOS POR LA ORGANIZACIÓN.'),(93,26,NULL,'609374','ANALIZAR LAS ESTRATEGIAS PARA LA PREVENCIÓN Y CONTROL DE LOS IMPACTOS AMBIENTALES Y DE LOS ACCIDENTES Y ENFERMEDADES LABORALES (ATEL) DE ACUERDO CON LAS POLÍTICAS ORGANIZACIONALES Y EL ENTORNO SOCIAL.'),(94,26,NULL,'609375','PROPONER ACCIONES DE MEJORA PARA EL MANEJO AMBIENTAL Y EL CONTROL DE LA SST, DE ACUERDO CON ESTRATEGIAS DE TRABAJO, COLABORATIVO, COOPERATIVO Y COORDINADO EN EL CONTEXTO PRODUCTIVO Y SOCIAL.'),(95,26,NULL,'609376','REALIZAR SEGUIMIENTO Y ACOMPAÑAMIENTO AL DESARROLLO DE LOS PLANES Y PROGRAMAS AMBIENTALES Y SST, SEGÚN EL ÁREA DE DESEMPEÑO.'),(96,27,NULL,'578864','PRACTICAR HÁBITOS SALUDABLES MEDIANTE LA APLICACIÓN DE FUNDAMENTOS DE NUTRICIÓN E HIGIENE.'),(97,27,NULL,'578865','DESARROLLAR HABILIDADES PSICOMOTRICES EN EL CONTEXTO PRODUCTIVO Y SOCIAL.'),(98,27,NULL,'578866','IMPLEMENTAR UN PLAN DE ERGONOMÍA Y PAUSAS ACTIVAS SEGÚN LAS CARACTERÍSTICAS DE LA FUNCIÓN PRODUCTIVA.'),(99,27,NULL,'578867','EJECUTAR ACTIVIDADES DE ACONDICIONAMIENTO FÍSICO ORIENTADAS HACIA EL MEJORAMIENTO DE LA CONDICIÓN FÍSICA EN LOS CONTEXTOS PRODUCTIVO Y SOCIAL.'),(100,28,NULL,'609377','VERIFICAR LAS TRANSFORMACIONES FÍSICAS DE LA MATERIA UTILIZANDO HERRAMIENTAS TECNOLÓGICAS'),(101,28,NULL,'609378','PROPONER ACCIONES DE MEJORA EN LOS PROCESOS PRODUCTIVOS DE ACUERDO CON LOS PRINCIPIOS Y LEYES DE LA FÍSICA'),(102,28,NULL,'609379','IDENTIFICAR LOS PRINCIPIOS Y LEYES DE LA FÍSICA EN LA SOLUCIÓN DE PROBLEMAS DE ACUERDO AL CONTEXTO PRODUCTIVO.'),(103,28,NULL,'609380','SOLUCIONAR PROBLEMAS ASOCIADOS CON EL SECTOR PRODUCTIVO CON BASE EN LOS PRINCIPIOS Y LEYES DE LA FÍSICA'),(104,29,NULL,'578868','ANALIZAR LOS COMPONENTES DE LA COMUNICACIÓN SEGÚN SUS CARACTERÍSTICAS, INTENCIONALIDAD Y CONTEXTO'),(105,29,NULL,'578869','ARGUMENTAR EN FORMA ORAL Y ESCRITA ATENDIENDO LAS EXIGENCIAS Y PARTICULARIDADES DE LAS DIVERSAS SITUACIONES COMUNICATIVAS MEDIANTE LOS DISTINTOS SISTEMAS DE REPRESENTACIÓN'),(106,29,NULL,'578870','ESTABLECER PROCESOS DE ENRIQUECIMIENTO LEXICAL Y ACCIONES DE MEJORAMIENTO EN EL DESARROLLO DE PROCESOS COMUNICATIVOS SEGÚN REQUERIMIENTOS DEL CONTEXTO.'),(107,29,NULL,'578871','RELACIONAR LOS PROCESOS COMUNICATIVOS TENIENDO EN CUENTA CRITERIOS DE LÓGICA Y RACIONALIDAD'),(108,30,NULL,'578835','02. INSTALAR SISTEMA DE IZAJE DE ACUERDO CON PROCEDIMIENTOS TÉCNICOS Y NORMATIVIDAD VIGENTE'),(109,30,NULL,'578836','01. MONTAR EQUIPOS INDUSTRIALES DE ACUERDO CON LOS PARÁMETROS TÉCNICOS Y DE SEGURIDAD'),(110,31,NULL,'609403','PROPONER SOLUCIONES A LAS NECESIDADES DEL CONTEXTO SEGÚN RESULTADOS DE LA INVESTIGACIÓN.'),(111,31,NULL,'609404','ANALIZAR EL CONTEXTO PRODUCTIVO SEGÚN SUS CARACTERÍSTICAS Y NECESIDADES'),(112,31,NULL,'609405','ESTRUCTURAR EL PROYECTO DE ACUERDO A CRITERIOS DE LA INVESTIGACIÓN.'),(113,31,NULL,'609406','ARGUMENTAR ASPECTOS TEÓRICOS DEL PROYECTO SEGÚN REFERENTES NACIONALES E INTERNACIONALES'),(114,32,NULL,'609423','04- Participar en acciones solidarias teniendo en cuenta el ejercicio de los derechos humanos, de los pueblos y de la naturaleza.'),(115,32,NULL,'609424','01- Reconocer el trabajo como factor de movilidad social y transformación vital con referencia a la fenomenología y a los derechos fundamentales en el trabajo.'),(116,32,NULL,'609425','02- Valorar la importancia de la ciudadanía laboral con base en el estudio de los derechos humanos y fundamentales en el trabajo.'),(117,32,NULL,'609426','03- Practicar los derechos fundamentales en el trabajo de acuerdo con la Constitución Política y los Convenios Internacionales.'),(118,33,NULL,'609419','IDENTIFICAR MODELOS MATEMÁTICOS DE ACUERDO CON LOS REQUERIMIENTOS DEL PROBLEMA PLANTEADO EN CONTEXTOS SOCIALES Y PRODUCTIVO'),(119,33,NULL,'609420','PROPONER ACCIONES DE MEJORA FRENTE A LOS RESULTADOS DE LOS PROCEDIMIENTOS MATEMÁTICOS DE ACUERDO CON EL PROBLEMA PLANTEADO'),(120,33,NULL,'609421','RESOLVER PROBLEMAS MATEMÁTICOS A PARTIR DE SITUACIONES GENERADAS EN EL CONTEXTO SOCIAL Y PRODUCTIVO'),(121,33,NULL,'609422','PLANTEAR PROBLEMAS MATEMÁTICOS A PARTIR DE SITUACIONES GENERADAS EN EL CONTEXTO SOCIAL Y PRODUCTIVO'),(122,34,NULL,'609446','VALORAR LA PROPUESTA DE NEGOCIO CONFORME CON SU ESTRUCTURA Y NECESIDADES DEL SECTOR PRODUCTIVO Y SOCIAL'),(123,34,NULL,'609447','ESTRUCTURAR EL PLAN DE NEGOCIO DE ACUERDO CON LAS CARACTERÍSTICAS EMPRESARIALES Y TENDENCIAS DE MERCADO'),(124,34,NULL,'609448','CARACTERIZAR LA IDEA DE NEGOCIO TENIENDO EN CUENTA LAS OPORTUNIDADES Y NECESIDADES DEL SECTOR PRODUCTIVO Y SOCIAL'),(125,34,NULL,'609449','INTEGRAR ELEMENTOS DE LA CULTURA EMPRENDEDORA TENIENDO EN CUENTA EL PERFIL PERSONAL Y EL CONTEXTO DE DESARROLLO SOCIAL'),(126,35,NULL,'578825','09. INTERVENIR BOMBAS CENTRÍFUGAS DE ACUERDO CON LOS RESULTADOS DEL DIAGNÓSTICO, NORMATIVA OCUPACIONAL, AMBIENTAL Y ESPECIFICACIONES TÉCNICAS'),(127,35,NULL,'578826','10.	AJUSTAR CALDERAS DE ACUERDO CON PROCEDIMIENTOS ESTABLECIDOS POR EL FABRICANTE Y NORMAS VIGENTES'),(128,35,NULL,'578827','08. INTERVENIR SISTEMAS ELECTROHIDRÁULICOS DE ACUERDO CON SU FUNCIÓN Y ESPECIFICACIONES TÉCNICAS'),(129,35,NULL,'578828','06. INTERVENIR SISTEMAS DE MANIOBRA ELÉCTRICA PARA MOTORES SEGÚN  FUNCIÓN Y ESPECIFICACIONES TÉCNICAS'),(130,35,NULL,'578829','05. PROCESAR LA INFORMACIÓN DE LAS ACTIVIDADES DE MANTENIMIENTO PREVENTIVO DE ACUERDO CON LAS POLÍTICAS DE LA EMPRESA'),(131,35,NULL,'578830','03. ELABORAR CARTAS Y RUTAS DE LUBRICACIÓN DE ACUERDO CON REQUERIMIENTOS DEL SISTEMA TRIBOLÓGICO DE LA MAQUINARIA'),(132,35,NULL,'578831','04. PREDECIR LAS FALLAS EN EQUIPOS DE ACUERDO CON CONDICIONES DE OPERACIÓN'),(133,35,NULL,'578832','02. LUBRICAR EL SISTEMA MECÁNICO DE ACUERDO CON PARÁMETROS TÉCNICOS Y NORMATIVIDAD'),(134,35,NULL,'578833','01. AJUSTAR SISTEMAS DE MÁQUINAS INDUSTRIALES DE ACUERDO CON PROCESO PRODUCTIVO Y ESPECIFICACIONES TÉCNICAS'),(135,35,NULL,'578834','07. INTERVENIR SISTEMAS ELECTRONEUMÁTICOS DE ACUERDO CON SU FUNCIÓN Y ESPECIFICACIONES TÉCNICAS'),(136,36,NULL,'576982','04. RECUPERAR ELEMENTOS MECÁNICOS MEDIANTE TORNEADO DE ACUERDO CON ESPECIFICACIONES TÉCNICAS'),(137,36,NULL,'576986','03. ELABORAR PLANOS DE PIEZAS MECÁNICAS EN CAD DE ACUERDO CON NORMAS VIGENTES Y ESPECIFICACIONES TÉCNICAS.'),(138,36,NULL,'576989','05. RECUPERAR ELEMENTOS MECÁNICOS MEDIANTE PROCESO DE  FRESADO DE ACUERDO CON ESPECIFICACIONES TÉCNICAS.'),(139,36,NULL,'576990','01. RECUPERAR ELEMENTOS MECÁNICOS MEDIANTE HERRAMIENTAS DE BANCO Y MÁQUINAS AUXILIARES DE ACUERDO CON ESPECIFICACIONES TÉCNICAS'),(140,36,NULL,'576994','07. DETERMINAR FALLAS EN SISTEMAS NEUMÁTICOS SEGÚN FUNCIÓN Y ESPECIFICACIONES TÉCNICAS'),(141,36,NULL,'576997','06. UNIR PIEZAS METÁLICAS MEDIANTE SOLDADURA MANUAL POR ARCO ELÉCTRICO CON ELECTRODOS REVESTIDO (SMAW) Y  SOLDADURA OXIACETILÉNICA (OAW)  DE ACUERDO CON PROCEDIMIENTOS TÉCNICOS'),(142,36,NULL,'576999','02. ELABORAR PLANOS DE PIEZAS MECÁNICAS A MANO ALZADA DE ACUERDO CON NORMAS VIGENTES Y ESPECIFICACIONES TÉCNICAS.'),(143,36,NULL,'578266','10. RESTABLECER SISTEMA MECÁNICO DE ACUERDO CON ESPECIFICACIONES TÉCNICAS'),(144,36,NULL,'578268','09. MONTAR ELEMENTOS DE MÁQUINAS DE ACUERDO CON PROCEDIMIENTOS TÉCNICOS'),(145,36,NULL,'578269','17. REPARAR MÁQUINAS ELÉCTRICAS ROTATIVAS DE CORRIENTE ALTERNA DE BAJA TENSIÓN SEGÚN ESPECIFICACIONES TÉCNICAS DEL FABRICANTE'),(146,36,NULL,'578270','11. INTERVENIR BOMBAS DE DESPLAZAMIENTO POSITIVO (ROTATIVAS Y RECIPROCANTES) DE ACUERDO CON LOS RESULTADOS DEL DIAGNÓSTICO, NORMATIVA OCUPACIONAL, AMBIENTAL Y ESPECIFICACIONES TÉCNICAS'),(147,36,NULL,'578271','13. REPARAR FALLAS Y AVERÍAS EN COMPRESORES ROTATIVOS DE ACUERDO CON PROCEDIMIENTOS TÉCNICOS Y MANUAL DE FABRICANTE'),(148,36,NULL,'578272','08. DETERMINAR FALLAS EN SISTEMAS OLEO-HIDRÁULICOS SEGÚN FUNCIÓN Y ESPECIFICACIONES TÉCNICAS'),(149,36,NULL,'578273','15. DIAGNOSTICAR VÁLVULA DE SERVICIO DE ESTRANGULACIÓN. (GLOBO, DIAFRAGMA, MARIPOSA, COMPRESIÓN) SEGÚN PROCEDIMIENTO DE MANTENIMIENTO.'),(150,36,NULL,'578274','16. DIAGNOSTICAR VÁLVULA DE SERVICIO DE CORTE Y PASO (COMPUERTA, MACHO, BOLA) SEGÚN PROCEDIMIENTO DE MANTENIMIENTO.'),(151,36,NULL,'578275','14. AJUSTAR LAS CONDICIONES DE FUNCIONAMIENTO DEL COMPRESOR DE ACUERDO CON ESPECIFICACIONES TÉCNICAS'),(152,36,NULL,'578276','12. INTERVENIR COMPRESORES RECIPROCANTES DE ACUERDO CON ESPECIFICACIONES DEL FABRICANTE.'),(153,37,NULL,'49743','CONCERTAR ALTERNATIVAS Y ACCIONES DE FORMACIÓN PARA EL DESARROLLO DE LAS COMPETENCIAS DEL PROGRAMA FORMACIÓN, CON BASE EN LA POLÍTICA INSTITUCIONAL.'),(154,37,NULL,'49744','DESARROLLAR PROCESOS COMUNICATIVOS EFICACES Y ASERTIVOS DENTRO DE CRITERIOS DE RACIONALIDAD QUE POSIBILITEN LA CONVIVENCIA, EL ESTABLECIMIENTO DE ACUERDOS, LA CONSTRUCCIÓN COLECTIVA DEL CONOCIMIENTO Y LA RESOLUCIÓN DE PROBLEMAS DE CARÁCTER PRODUCTIVO Y SOCIAL.'),(155,37,NULL,'49745','GENERAR PROCESOS AUTÓNOMOS Y DE TRABAJO COLABORATIVO PERMANENTES, FORTALECIENDO EL EQUILIBRIO DE LOS COMPONENTES RACIONALES Y EMOCIONALES ORIENTADOS HACIA EL DESARROLLO HUMANO INTEGRAL.'),(156,37,NULL,'49746','GENERAR HÁBITOS SALUDABLES EN SU ESTILO DE VIDA PARA GARANTIZAR LA PREVENCIÓN DE RIESGOS OCUPACIONALES DE ACUERDO CON EL DIAGNÓSTICO DE SU CONDICIÓN FÍSICA INDIVIDUAL Y LA NATURALEZA Y COMPLEJIDAD DE SU DESEMPEÑO LABORAL.'),(157,37,NULL,'49747','IDENTIFICAR LAS OPORTUNIDADES QUE EL SENA OFRECE EN EL MARCO DE LA FORMACIÓN PROFESIONAL DE ACUERDO CON EL CONTEXTO NACIONAL E INTERNACIONAL.'),(158,37,NULL,'49748','ASUMIR ACTITUDES CRÍTICAS , ARGUMENTATIVAS Y PROPOSITIVAS EN FUNCIÓN DE LA RESOLUCIÓN DE PROBLEMAS DE CARÁCTER PRODUCTIVO Y SOCIAL.'),(159,37,NULL,'49749','DESARROLLAR PERMANENTEMENTE LAS HABILIDADES PSICOMOTRICES Y DE PENSAMIENTO EN LA EJECUCIÓN DE LOS PROCESOS DE APRENDIZAJE.'),(160,37,NULL,'49750','ASUMIR LOS DEBERES Y DERECHOS CON BASE EN LAS LEYES Y LA NORMATIVA INSTITUCIONAL EN EL MARCO DE SU PROYECTO DE VIDA.'),(161,37,NULL,'49751','GESTIONAR LA INFORMACIÓN DE ACUERDO CON LOS PROCEDIMIENTOS ESTABLECIDOS Y CON LAS TECNOLOGÍAS DE LA INFORMACIÓN Y LA COMUNICACIÓN DISPONIBLES.'),(162,37,NULL,'49752','APLICAR TÉCNICAS DE CULTURA FÍSICA PARA EL MEJORAMIENTO DE SU EXPRESIÓN CORPORAL, DESEMPEÑO LABORAL SEGÚN LA NATURALEZA Y COMPLEJIDAD DEL ÁREA OCUPACIONAL.'),(163,37,NULL,'49753','INTERACTUAR EN LOS CONTEXTOS PRODUCTIVOS Y SOCIALES EN FUNCIÓN DE LOS PRINCIPIOS Y VALORES UNIVERSALES.'),(164,37,NULL,'49754','REDIMENSIONAR PERMANENTEMENTE SU PROYECTO DE VIDA DE ACUERDO CON LAS CIRCUNSTANCIAS DEL CONTEXTO Y CON VISIÓN PROSPECTIVA.'),(165,37,NULL,'49755','ASUMIR RESPONSABLEMENTE LOS CRITERIOS DE PRESERVACIÓN Y CONSERVACIÓN DEL MEDIO AMBIENTE Y DE DESARROLLO SOSTENIBLE, EN EL EJERCICIO DE SU DESEMPEÑO LABORAL Y SOCIAL.'),(166,37,NULL,'49756','RECONOCER EL ROL DE LOS PARTICIPANTES EN EL PROCESO FORMATIVO, EL PAPEL DE LOS AMBIENTES DE APRENDIZAJE Y LA METODOLOGÍA DE FORMACIÓN, DE ACUERDO CON LA DINÁMICA ORGANIZACIONAL DEL SENA'),(167,38,NULL,'49735','APLICAR EN LA RESOLUCIÓN DE PROBLEMAS REALES DEL SECTOR PRODUCTIVO, LOS CONOCIMIENTOS, HABILIDADES Y DESTREZAS PERTINENTES A LAS COMPETENCIAS DEL PROGRAMA DE FORMACIÓN ASUMIENDO ESTRATEGIAS Y METODOLOGÍAS DE AUTOGESTIÓN'),(168,39,NULL,'3989','PROYECTAR LA REDACCIÓN Y ELABORACIÓN DE LOS DOCUMENTOS TENIENDO EN CUENTA EL ASUNTO, EL TIPO Y LAS FUNCIONES DE LA UNIDAD ADMINISTRATIVA, DE ACUERDO CON LAS NORMAS ESTABLECIDAS.'),(169,39,NULL,'3990','TRANSCRIBIR TEXTOS APLICANDO LAS TÉCNICAS DE DIGITACIÓN, EL DESARROLLO DE HABILIDADES Y DESTREZAS PARA EL LOGRO DE LA VELOCIDAD Y LA PRECISIÓN; LOS SIGNOS DE PUNTUACIÓN, LAS REGLAS ORTOGRÁFICAS Y EL MANEJO DE ABREVIATURAS Y ACRÓNIMOS, DE ACUERDO CON EL ORDEN DE LA SOLICITUD.'),(170,39,NULL,'3991','REDACTAR DOCUMENTOS APLICANDO LAS NORMAS GRAMATICALES: SEMÁNTICA, MORFOLOGÍA Y SINTAXIS; LAS TÉCNICAS DE DIGITACIÓN, LAS NORMAS TÉCNICAS COLOMBIANAS VIGENTES PARA LA ELABORACIÓN Y PRESENTACIÓN DE DOCUMENTOS COMERCIALES Y LAS DE GESTIÓN DE LA CALIDAD.'),(171,39,NULL,'3992','ELABORAR DOCUMENTOS COMERCIALES, ACTOS ADMINISTRATIVOS Y LOS DEL PROCESO DE COMPRA-VENTA, APLICANDO LAS TÉCNICAS DE DIGITACIÓN, LAS NORMAS TÉCNICAS COLOMBIANAS VIGENTES PARA LA ELABORACIÓN Y PRESENTACIÓN DE DOCUMENTOS COMERCIALES, LAS DE LA ORGANIZACIÓN Y LAS DE GESTIÓN DE LA CALIDAD.'),(172,39,NULL,'3993','VERIFICAR LA APLICACIÓN DE LAS NORMAS GRAMATICALES: SEMÁNTICA, MORFOLOGÍA Y SINTAXIS; LAS NORMAS TÉCNICAS COLOMBIANAS VIGENTES PARA LA ELABORACIÓN Y PRESENTACIÓN DE DOCUMENTOS COMERCIALES, ACTOS ADMINISTRATIVOS Y LOS DOCUMENTOS DEL PROCESO DE COMPRA-VENTA; LAS DE LA ORGANIZACIÓN Y LAS DE GESTIÓN DE LA CALIDAD.'),(173,39,NULL,'3994','UTILIZAR LAS NORMAS TÉCNICAS COLOMBIANAS VIGENTES, LAS DE LA ORGANIZACIÓN Y LA LEGISLACIÓN VIGENTE PARA LA ELABORACIÓN DE DOCUMENTOS EMPRESARIALES.'),(174,40,NULL,'4027','ORGANIZAR EVENTOS DE MANERA RESPONSABLE, TENIENDO EN CUENTA LA CONFORMACIÓN DE COMITÉS, LA COORDINACIÓN DE LAS RESPONSABILIDADES DE LOS DIFERENTES COMITÉS, DE ACUERDO CON EL TIPO DE EVENTO Y LAS POLÍTICAS INSTITUCIONALES.'),(175,40,NULL,'4028','APLICAR EL PROCESO ADMINISTRATIVO AL DESARROLLO DEL EVENTO, DE ACUERDO CON EL PROTOCOLO, LOS MEDIOS DE DIVULGACIÓN Y LAS POLÍTICAS DE LA ORGANIZACIÓN'),(176,40,NULL,'4029','DIVULGAR EL EVENTO TENIENDO EN CUENTA EL MEDIO, EL PROTOCOLO Y LAS NORMAS DE LA ORGANIZACIÓN.'),(177,40,NULL,'4030','IDENTIFICAR LAS NO CONFORMIDADES EN ORGANIZACIÓN DEL EVENTO DE ACUERDO CON EL PROPÓSITO, OBJETIVO Y PLAN, PARA PROPONER SOLUCIONES.'),(178,41,NULL,'4007','REALIZAR ACTIVIDADES ADMINISTRATIVAS, TENDIENTES AL DESARROLLO DE LOS PROGRAMAS DE LA UNIDAD, APLICANDO LOS ESTÁNDARES DE CALIDAD Y PROCEDIMIENTOS ESTABLECIDOS.'),(179,41,NULL,'4008','APLICAR LOS PROCESOS Y PROCEDIMIENTOS ADMINISTRATIVOS EN EL DESARROLLO DE PROGRAMAS, Y ACTIVIDADES QUE SE DERIVEN DE LA FUNCIÓN ADMINISTRATIVA.'),(180,41,NULL,'4009','EVALUAR Y AJUSTAR LA EJECUCIÓN DEL PLAN DE MEJORAMIENTO ORGANIZACIONAL, DE ACUERDO CON LAS POLÍTICAS DE LA ORGANIZACIÓN.'),(181,41,NULL,'4010','PROPONER PROGRAMAS DE MEJORAMIENTO EN LA UNIDAD ADMINISTRATIVA, QUE PERMITAN EL DESARROLLO DE LAS PERSONAS Y LA ORGANIZACIÓN, TENIENDO EN CUENTA LAS POLÍTICAS Y LA NORMATIVIDAD VIGENTE.'),(182,42,NULL,'4015','IDENTIFICAR NECESIDADES DE CAPACITACIÓN PARA EL PERSONAL DE LA UNIDAD ADMINISTRATIVA DE ACUERDO CON LOS PROPÓSITOS, LAS POLÍTICAS DE LA ORGANIZACIÓN Y LA NORMATIVIDAD VIGENTE.'),(183,42,NULL,'4016','PROPONER Y PROMOVER PROGRAMAS DE CAPACITACIÓN DE ACUERDO CON LAS NECESIDADES DE ENTRENAMIENTO DEL PERSONAL DE LA UNIDAD ADMINISTRATIVA, Y LAS POLÍTICAS INSTITUCIONALES.'),(184,42,NULL,'4017','VERIFICAR QUE LA REALIZACIÓN DE LAS ACTIVIDADES DEL TALENTO HUMANO DE LA UNIDAD ADMINISTRATIVA, CUMPLAN CON ESTÁNDARES DE CALIDAD ESTABLECIDOS POR LA ORGANIZACIÓN.'),(185,42,NULL,'4018','PRESENTAR PROPUESTAS DE MEJORAMIENTO SOBRE EL DESARROLLO DE LOS PROGRAMAS DE CAPACITACIÓN DE ACUERDO CON LOS REQUERIMIENTOS DE LA ORGANIZACIÓN.'),(186,43,NULL,'4011','PROPONER TAREAS Y ACTIVIDADES AL TALENTO HUMANO INVOLUCRADO DE ACUERDO CON LAS NECESIDADES PRIORITARIAS DE LA UNIDAD ADMINISTRATIVA, LAS POLÍTICAS, PRÁCTICAS DE LA ORGANIZACIÓN.'),(187,43,NULL,'4012','EJECUTAR LAS ACTIVIDADES RELACIONADAS CON EL TALENTO HUMANO DE ACUERDO CON LOS REQUERIMIENTOS Y LAS FUNCIONES DE LA UNIDAD ADMINISTRATIVA.'),(188,43,NULL,'4013','VERIFICAR LA REALIZACIÓN DE LAS ACTIVIDADES DEL TALENTO HUMANO DE LA UNIDAD ADMINISTRATIVA QUE CUMPLA CON LOS ESTÁNDARES DE CALIDAD ESTABLECIDOS POR LA ORGANIZACIÓN, LA POLÍTICA INSTITUCIONAL Y LA NORMATIVIDAD VIGENTE.'),(189,43,NULL,'4014','ESTRUCTURAR TAREAS Y ACTIVIDADES PARA EL TALENTO HUMANO ASIGNADO, DE ACUERDO CON LAS NECESIDADES, LAS FUNCIONES DE LA UNIDAD ADMINISTRATIVA, EL SISTEMA DE GESTIÓN DE LA CALIDAD Y LAS NORMAS DE LA ORGANIZACIÓN.'),(190,44,NULL,'4001','APLICAR LOS PRINCIPIOS ARCHIVÍSTICOS, LAS NORMAS Y TÉCNICAS; LA LEGISLACIÓN VIGENTE Y LA METODOLOGÍA PARA LA ORGANIZACIÓN DE LOS DOCUMENTOS DE ARCHIVO: CLASIFICAR, ORDENAR Y ARCHIVAR, DE ACUERDO CON LAS POLÍTICAS INSTITUCIONALES.'),(191,44,NULL,'4002','OPERAR LOS RECURSOS TECNOLÓGICOS REQUERIDOS PARA EL RECIBO, EL DESPACHO Y LA ORGANIZACIÓN DE LOS DOCUMENTOS, DE ACUERDO CON LAS POLÍTICAS INSTITUCIONALES.'),(192,44,NULL,'4003','RECIBIR DOCUMENTOS EMPRESARIALES DE ACUERDO CON LAS NORMAS DE LA ORGANIZACIÓN Y LA LEGISLACIÓN VIGENTE.'),(193,44,NULL,'4004','DESPACHAR LOS DOCUMENTOS EMPRESARIALES TENIENDO EN CUENTA LAS NORMAS GRAMATICALES Y DE SINTAXIS, LAS NORMAS TÉCNICAS COLOMBIANAS PARA LA ELABORACIÓN Y PRESENTACIÓN DE LOS DOCUMENTOS, LAS NORMAS INTERNAS Y LA LEGISLACIÓN VIGENTE.'),(194,44,NULL,'4005','CONSERVAR Y PRESERVAR LOS DOCUMENTOS (SOPORTE PAPEL O ELECTRÓNICO) PARA EL SUMINISTRO DE INFORMACIÓN DE ACUERDO CON LAS NORMAS, LAS TÉCNICAS, LA TECNOLOGÍA DISPONIBLE Y LA LEGISLACIÓN VIGENTE.'),(195,44,NULL,'4006','ADMINISTRAR LOS ARCHIVOS APLICANDO LOS PRINCIPIOS ARCHIVÍSTICOS, LAS NORMAS TÉCNICAS, LAS POLÍTICAS INSTITUCIONALES Y LA LEGISLACIÓN VIGENTE.'),(196,45,NULL,'3995','UTILIZAR LOS APLICATIVOS (SOFTWARE-HARDWARE) Y SUS CARACTERÍSTICAS, EN LA SATISFACCIÓN DE LOS CLIENTES, EL MEJORAMIENTO CONTINUO, DE ACUERDO CON LAS POLÍTICAS DE LA ORGANIZACIÓN.'),(197,45,NULL,'3996','OPERAR LOS RECURSOS TÉCNICOS Y TECNOLÓGICOS DISPONIBLES PARA LA ATENCIÓN Y SERVICIO AL CLIENTE DE ACUERDO CON LAS POLÍTICAS DE LA ORGANIZACIÓN, LAS NORMAS DE GESTIÓN DE CALIDAD, DE SEGURIDAD Y SALUD OCUPACIONAL.'),(198,45,NULL,'3997','PROPORCIONAR DILIGENTEMENTE ATENCIÓN Y SERVICIO AL CLIENTE, CARA A CARA EN INGLÉS Y EN ESPAÑOL, APLICANDO ACTITUDES Y VALORES; EL PROTOCOLO, LA ETIQUETA Y LAS POLÍTICAS DE LA ORGANIZACIÓN, DE ACUERDO CON LOS ESTÁNDARES DE CALIDAD ESTABLECIDOS.'),(199,45,NULL,'3998','PROPORCIONAR ATENCIÓN Y SERVICIO AL CLIENTE, EN INGLÉS Y EN ESPAÑOL, DE MANERA EFECTIVA, A TRAVÉS DE LOS MEDIOS TECNOLÓGICOS Y LOS APLICATIVOS DISPONIBLES, APLICANDO LA COMUNICACIÓN EMPRESARIAL, LOS ESTÁNDARES DE CALIDAD Y LAS POLÍTICAS DE LA ORGANIZACIÓN.'),(200,45,NULL,'3999','VERIFICAR LA APLICACIÓN DE LAS ESTRATEGIAS DE ATENCIÓN Y SERVICIO AL CLIENTE, CARA A CARA, A TRAVÉS DE MEDIOS TECNOLÓGICOS EN INGLES Y ESPAÑOL DE ACUERDO CON LA POLÍTICA INSTITUCIONAL Y LOS ESTÁNDARES DE CALIDAD ESTABLECIDOS.'),(201,45,NULL,'4000','IDENTIFICAR SOLUCIONES DE ATENCIÓN Y SERVICIO AL CLIENTE INTERNO Y EXTERNO, MEDIANTE LA IMPLEMENTACIÓN DE LA TECNOLOGÍA DISPONIBLE, TENIENDO EN CUENTA LOS REQUERIMIENTOS DE LA UNIDAD ADMINISTRATIVA Y LA ORGANIZACIÓN.'),(202,46,NULL,'18488','IDENTIFICAR LAS NECESIDADES DEL PROCESO DE INFORMACIÓN APLICADO A LAS METODOLOGÍAS DE INVESTIGACIÓN EN LA ORGANIZACIÓN.'),(203,46,NULL,'4031','DISEÑAR INSTRUMENTOS DE INVESTIGACIÓN DE ACUERDO CON LAS NECESIDADES DE LA ORGANIZACIÓN.'),(204,46,NULL,'4032','IDENTIFICAR LAS VARIABLES PARA LA CODIFICACIÓN DE LA INFORMACIÓN POR TABULAR, DE ACUERDO CON LAS POLÍTICAS Y LA METODOLOGÍA ESTABLECIDA.'),(205,46,NULL,'4033','APLICAR PROCESOS DE INVESTIGACIÓN EN LA SOLUCIÓN DE PROBLEMAS QUE AFECTEN LA ORGANIZACIÓN.'),(206,46,NULL,'4034','TABULAR LA INFORMACIÓN RECOLECTADA EN LOS INSTRUMENTOS DE INVESTIGACIÓN.'),(207,46,NULL,'4035','ESTABLECER LAS NO CONFORMIDADES DE LA COMPILACIÓN Y LA TABULACIÓN DE LA INFORMACIÓN, DE ACUERDO CON LA METODOLOGÍA UTILIZADA Y LA TECNOLOGÍA DISPONIBLE.'),(208,46,NULL,'4036','EMITIR RESULTADOS DE LA INFORMACIÓN CODIFICADA Y TABULADA.'),(209,46,NULL,'4037','PRESENTAR INFORMES DE LOS RESULTADOS DE LA INFORMACIÓN PROCESADA.'),(210,47,NULL,'18271','GENERAR SOLUCIONES DE INFORMACIÓN TENIENDO EN CUENTA LOS REQUERIMIENTOS DE LA UNIDAD ADMINISTRATIVA Y LOS RECURSOS TECNOLÓGICOS DE OFICINA, DISPONIBLES.'),(211,47,NULL,'4039','DISEÑAR Y ADMINISTRAR BASES DE DATOS DE ACUERDO CON LAS NECESIDADES DE INFORMACIÓN DE LA UNIDAD ADMINISTRATIVA Y LAS POLÍTICAS DE LA ORGANIZACIÓN.'),(212,47,NULL,'4040','OPERAR LOS RECURSOS TECNOLÓGICOS DE OFICINA DE ACUERDO CON LAS NECESIDADES Y POLÍTICAS DE LA ORGANIZACIÓN, LAS NORMAS DE GESTIÓN DE LA CALIDAD, DE SEGURIDAD Y SALUD OCUPACIONAL Y LA TECNOLOGÍA EXISTENTE.'),(213,47,NULL,'4041','GESTIONAR LOS SISTEMAS DE INFORMACIÓN DE ACUERDO CON LAS NECESIDADES DE LA UNIDAD ADMINISTRATIVA Y LAS POLÍTICAS DE LA ORGANIZACIÓN.'),(214,47,NULL,'4042','MANTENER EN USO LOS RECURSOS TECNOLÓGICOS DE OFICINA DE ACUERDO CON LAS POLÍTICAS DE LA ORGANIZACIÓN, LAS NORMAS DE GESTIÓN DE LA CALIDAD, DE SEGURIDAD Y SALUD OCUPACIONAL, Y LA TECNOLOGÍA EXISTENTE.'),(215,48,NULL,'18477','ELABORAR LOS DOCUMENTOS QUE SE GENERAN EN EL PROCESO CONTABLE, APLICANDO CON TRANSPARENCIA NORMAS COMERCIALES, CONTABLES Y TRIBUTARIAS.'),(216,48,NULL,'18478','VERIFICAR EL REGISTRO Y CONTABILIZACIÓN DE LAS OPERACIONES CONTABLES, TENIENDO EN CUENTA LA NORMATIVIDAD VIGENTE Y LOS PRINCIPIOS DE CONTABILIDAD GENERALMENTE ACEPTADOS'),(217,48,NULL,'18479','PREPARAR Y ELABORAR LOS ESTADOS FINANCIEROS Y ANEXOS DE COSTOS.'),(218,48,NULL,'18480','CONTABILIZAR LOS DIFERENTES TIPOS DE OPERACIONES DE LA EMPRESA, APLICANDO METODOLOGÍAS DE COSTOS Y PRESUPUESTOS.'),(219,48,NULL,'18481','CLASIFICAR DOCUMENTOS COMERCIALES Y TÍTULOS VALORES.'),(220,48,NULL,'18482','APLICAR CON TRANSPARENCIA LAS NORMAS COMERCIALES, TRIBUTARIAS Y LABORALES Y LOS PROCEDIMIENTOS PARA EL CICLO CONTABLE EN UN PROCESO MANUAL Y SISTEMATIZADO.'),(221,48,NULL,'18483','INTERPRETAR CONTRATOS, Y LOS DOCUMENTOS INTEGRALES DEL CONTRATO PARA SU CONTABILIZACIÓN.'),(222,48,NULL,'18484','INTERPRETAR LOS CONCEPTOS Y PROPÓSITOS DE LA CONTABILIDAD DE COSTOS: COSTEO POR PROCESOS, POR ÓRDENES DE PRODUCCIÓN O CUALQUIER OTRO SISTEMA DE COSTOS.'),(223,48,NULL,'18485','CODIFICAR Y DILIGENCIAR DOCUMENTOS DE ACUERDO CON EL PUC DEL SECTOR.'),(224,48,NULL,'18486','INTERPRETAR LOS FUNDAMENTOS CONTABLES SEGÚN LOS PRINCIPIOS DE CONTABILIDAD GENERALMENTE ACEPTADOS.'),(225,48,NULL,'18487','DILIGENCIAR LOS SOPORTES CONTABLES'),(226,49,NULL,'49736','COMUNICARSE EN TAREAS SENCILLAS Y HABITUALES QUE REQUIEREN UN INTERCAMBIO SIMPLE Y DIRECTO DE INFORMACIÓN COTIDIANA Y TÉCNICA'),(227,49,NULL,'49737','COMPRENDER LA IDEA PRINCIPAL EN AVISOS Y MENSAJES BREVES, CLAROS Y SENCILLOS EN INGLÉS TÉCNICO'),(228,49,NULL,'49738','ENCONTRAR INFORMACIÓN ESPECÍFICA Y PREDECIBLE EN ESCRITOS SENCILLOS Y COTIDIANOS'),(229,49,NULL,'49739','LEER TEXTOS MUY BREVES Y SENCILLOS EN INGLÉS GENERAL Y TÉCNICO'),(230,49,NULL,'49740','REALIZAR INTERCAMBIOS SOCIALES Y PRÁCTICOS MUY BREVES, CON UN VOCABULARIO SUFICIENTE PARA HACER UNA EXPOSICIÓN O MANTENER UNA CONVERSACIÓN SENCILLA SOBRE TEMAS TÉCNICOS'),(231,49,NULL,'49741','ENCONTRAR VOCABULARIO Y EXPRESIONES DE INGLÉS TÉCNICO EN ANUNCIOS, FOLLETOS, PÁGINAS WEB, ETC'),(232,49,NULL,'49742','COMPRENDER FRASES Y VOCABULARIO HABITUAL SOBRE TEMAS DE INTERÉS PERSONAL Y TEMAS TÉCNICOS'),(233,50,NULL,'49727','COMPRENDER UNA AMPLIA VARIEDAD DE FRASES Y VOCABULARIO  EN INGLÉS SOBRE TEMAS DE INTERÉS PERSONAL Y TEMAS TÉCNICOS'),(234,50,NULL,'49728','IDENTIFICAR FORMAS GRAMATICALES BÁSICAS EN TEXTOS Y DOCUMENTOS ELEMENTALES ESCRITOS EN INGLÉS'),(235,50,NULL,'49729','REPRODUCIR EN INGLÉS FRASES O ENUNCIADOS SIMPLES QUE PERMITAN EXPRESAR DE FORMA LENTA IDEAS O CONCEPTOS'),(236,50,NULL,'49730','COMPRENDER LAS IDEAS PRINCIPALES DE TEXTOS COMPLEJOS EN INGLÉS QUE TRATAN DE TEMAS TANTO CONCRETOS COMO ABSTRACTOS, INCLUSO SI SON DE CARÁCTER TÉCNICO, SIEMPRE QUE ESTÉN DENTRO DE SU CAMPO DE ESPECIALIZACIÓN'),(237,50,NULL,'49731','BUSCAR DE MANERA SISTEMÁTICA INFORMACIÓN ESPECÍFICA Y DETALLADA EN ESCRITOS EN INGLÉS, MAS ESTRUCTURADOS Y CON MAYOR CONTENIDO TÉCNICO'),(238,50,NULL,'49732','RELACIONARSE CON HABLANTES NATIVOS EN UN GRADO SUFICIENTE DE FLUIDEZ Y NATURALIDAD, DE MODO QUE LA COMUNICACIÓN SE REALICE SIN ESFUERZO POR PARTE DE LOS INTERLOCUTORES'),(239,50,NULL,'49733','LEER TEXTOS COMPLEJOS Y CON UN VOCABULARIO MÁS ESPECÍFICO, EN INGLÉS GENERAL Y TÉCNICO'),(240,50,NULL,'49734','ENCONTRAR Y UTILIZAR SIN ESFUERZO VOCABULARIO Y EXPRESIONES DE INGLÉS TÉCNICO EN ARTÍCULOS DE REVISTAS, LIBROS ESPECIALIZADOS, PÁGINAS WEB, ETC'),(241,51,NULL,'39207','ASUMIR LOS DEBERES Y DERECHOS CON BASE EN LAS LEYES Y LA NORMATIVA INSTITUCIONAL EN EL MARCO DE SU PROYECTO DE VIDA.'),(242,51,NULL,'39208','INTERACTUAR EN LOS CONTEXTOS PRODUCTIVOS Y SOCIALES EN FUNCIÓN DE LOS PRINCIPIOS Y VALORES UNIVERSALES.'),(243,51,NULL,'39209','CONCERTAR ALTERNATIVAS Y ACCIONES DE FORMACIÓN PARA EL DESARROLLO DE LAS COMPETENCIAS DEL PROGRAMA FORMACIÓN, CON BASE EN LA POLÍTICA INSTITUCIONAL.'),(244,51,NULL,'39210','DESARROLLAR PERMANENTEMENTE LAS HABILIDADES PSICOMOTRICES Y DE PENSAMIENTO EN LA EJECUCIÓN DE LOS PROCESOS DE APRENDIZAJE.'),(245,51,NULL,'39211','APLICAR TÉCNICAS DE CULTURA FÍSICA PARA EL MEJORAMIENTO DE SU EXPRESIÓN CORPORAL, DESEMPEÑO LABORAL SEGÚN LA NATURALEZA Y COMPLEJIDAD DEL ÁREA OCUPACIONAL.'),(246,51,NULL,'39212','GENERAR PROCESOS AUTÓNOMOS Y DE TRABAJO COLABORATIVO PERMANENTES, FORTALECIENDO EL EQUILIBRIO DE LOS COMPONENTES RACIONALES Y EMOCIONALES ORIENTADOS HACIA EL DESARROLLO HUMANO INTEGRAL.'),(247,51,NULL,'39213','DESARROLLAR PROCESOS COMUNICATIVOS EFICACES Y ASERTIVOS DENTRO DE CRITERIOS DE RACIONALIDAD QUE POSIBILITEN LA CONVIVENCIA, EL ESTABLECIMIENTO DE ACUERDOS, LA CONSTRUCCIÓN COLECTIVA DEL CONOCIMIENTO Y LA RESOLUCIÓN DE PROBLEMAS DE CARÁCTER PRODUCTIVO Y SOCIAL.'),(248,51,NULL,'39214','IDENTIFICAR LAS OPORTUNIDADES QUE EL SENA OFRECE EN EL MARCO DE LA FORMACIÓN PROFESIONAL DE ACUERDO CON EL CONTEXTO NACIONAL E INTERNACIONAL.'),(249,51,NULL,'39215','ASUMIR RESPONSABLEMENTE LOS CRITERIOS DE PRESERVACIÓN Y CONSERVACIÓN DEL MEDIO AMBIENTE Y DE DESARROLLO SOSTENIBLE, EN EL EJERCICIO DE SU DESEMPEÑO LABORAL Y SOCIAL.'),(250,51,NULL,'39216','GESTIONAR LA INFORMACIÓN DE ACUERDO CON LOS PROCEDIMIENTOS ESTABLECIDOS Y CON LAS TECNOLOGÍAS DE LA INFORMACIÓN Y LA COMUNICACIÓN DISPONIBLES.'),(251,51,NULL,'39217','GENERAR HÁBITOS SALUDABLES EN SU ESTILO DE VIDA PARA GARANTIZAR LA PREVENCIÓN DE RIESGOS OCUPACIONALES DE ACUERDO CON EL DIAGNÓSTICO DE SU CONDICIÓN FÍSICA INDIVIDUAL Y LA NATURALEZA Y COMPLEJIDAD DE SU DESEMPEÑO LABORAL.'),(252,51,NULL,'39218','ASUMIR ACTITUDES CRÍTICAS , ARGUMENTATIVAS Y PROPOSITIVAS EN FUNCIÓN DE LA RESOLUCIÓN DE PROBLEMAS DE CARÁCTER PRODUCTIVO Y SOCIAL.'),(253,51,NULL,'39219','REDIMENSIONAR PERMANENTEMENTE SU PROYECTO DE VIDA DE ACUERDO CON LAS CIRCUNSTANCIAS DEL CONTEXTO Y CON VISIÓN PROSPECTIVA.'),(254,51,NULL,'39220','RECONOCER EL ROL DE LOS PARTICIPANTES EN EL PROCESO FORMATIVO, EL PAPEL DE LOS AMBIENTES DE APRENDIZAJE Y LA METODOLOGÍA DE FORMACIÓN, DE ACUERDO CON LA DINÁMICA ORGANIZACIONAL DEL SENA'),(255,52,NULL,'39198','APLICAR EN LA RESOLUCIÓN DE PROBLEMAS REALES DEL SECTOR PRODUCTIVO, LOS CONOCIMIENTOS, HABILIDADES Y DESTREZAS PERTINENTES A LAS COMPETENCIAS DEL PROGRAMA DE FORMACIÓN ASUMIENDO ESTRATEGIAS Y METODOLOGÍAS DE AUTOGESTIÓN'),(256,53,NULL,'39191','COMUNICARSE EN TAREAS SENCILLAS Y HABITUALES QUE REQUIEREN UN INTERCAMBIO SIMPLE Y DIRECTO DE INFORMACIÓN COTIDIANA Y TÉCNICA'),(257,53,NULL,'39192','COMPRENDER LA IDEA PRINCIPAL EN AVISOS Y MENSAJES BREVES, CLAROS Y SENCILLOS EN INGLÉS TÉCNICO'),(258,53,NULL,'39193','COMPRENDER FRASES Y VOCABULARIO HABITUAL SOBRE TEMAS DE INTERÉS PERSONAL Y TEMAS TÉCNICOS'),(259,53,NULL,'39194','ENCONTRAR VOCABULARIO Y EXPRESIONES DE INGLÉS TÉCNICO EN ANUNCIOS, FOLLETOS, PÁGINAS WEB, ETC'),(260,53,NULL,'39195','REALIZAR INTERCAMBIOS SOCIALES Y PRÁCTICOS MUY BREVES, CON UN VOCABULARIO SUFICIENTE PARA HACER UNA EXPOSICIÓN O MANTENER UNA CONVERSACIÓN SENCILLA SOBRE TEMAS TÉCNICOS'),(261,53,NULL,'39196','LEER TEXTOS MUY BREVES Y SENCILLOS EN INGLÉS GENERAL Y TÉCNICO'),(262,53,NULL,'39197','ENCONTRAR INFORMACIÓN ESPECÍFICA Y PREDECIBLE EN ESCRITOS SENCILLOS Y COTIDIANOS'),(263,54,NULL,'39199','REPRODUCIR EN INGLÉS FRASES O ENUNCIADOS SIMPLES QUE PERMITAN EXPRESAR DE FORMA LENTA IDEAS O CONCEPTOS'),(264,54,NULL,'39200','ENCONTRAR Y UTILIZAR SIN ESFUERZO VOCABULARIO Y EXPRESIONES DE INGLÉS TÉCNICO EN ARTÍCULOS DE REVISTAS, LIBROS ESPECIALIZADOS, PÁGINAS WEB, ETC'),(265,54,NULL,'39201','COMPRENDER LAS IDEAS PRINCIPALES DE TEXTOS COMPLEJOS EN INGLÉS QUE TRATAN DE TEMAS TANTO CONCRETOS COMO ABSTRACTOS, INCLUSO SI SON DE CARÁCTER TÉCNICO, SIEMPRE QUE ESTÉN DENTRO DE SU CAMPO DE ESPECIALIZACIÓN'),(266,54,NULL,'39202','RELACIONARSE CON HABLANTES NATIVOS EN UN GRADO SUFICIENTE DE FLUIDEZ Y NATURALIDAD, DE MODO QUE LA COMUNICACIÓN SE REALICE SIN ESFUERZO POR PARTE DE LOS INTERLOCUTORES'),(267,54,NULL,'39203','LEER TEXTOS COMPLEJOS Y CON UN VOCABULARIO MÁS ESPECÍFICO, EN INGLÉS GENERAL Y TÉCNICO'),(268,54,NULL,'39204','BUSCAR DE MANERA SISTEMÁTICA INFORMACIÓN ESPECÍFICA Y DETALLADA EN ESCRITOS EN INGLÉS, MAS ESTRUCTURADOS Y CON MAYOR CONTENIDO TÉCNICO'),(269,54,NULL,'39205','COMPRENDER UNA AMPLIA VARIEDAD DE FRASES Y VOCABULARIO  EN INGLÉS SOBRE TEMAS DE INTERÉS PERSONAL Y TEMAS TÉCNICOS'),(270,54,NULL,'39206','IDENTIFICAR FORMAS GRAMATICALES BÁSICAS EN TEXTOS Y DOCUMENTOS ELEMENTALES ESCRITOS EN INGLÉS'),(271,55,NULL,'23180','ANALIZAR FALLAS Y VERIFICAR FUNCIONES DE LA MAQUINARIA ELECTRÓNICA Y DEL INSTRUMENTAL INDUSTRIAL DE ACUERDO CON LAS POLÍTICAS DE LA EMPRESA'),(272,55,NULL,'23181','ESTABLECER REQUERIMIENTOS FÍSICOS Y HUMANOS DE ACUERDO CON LAS ACTIVIDADES DE MANTENIMIENTO ELECTRÓNICO.'),(273,55,NULL,'23182','ANALIZAR INFORMACIÓN TÉCNICA DE LA MAQUINARIA ELECTRÓNICA Y DEL INSTRUMENTAL INDUSTRIAL DE ACUERDO CON EL PLAN DE MANTENIMIENTO'),(274,55,NULL,'23183','ESTABLECER RIESGOS EN LAS ACTIVIDADES DE MANTENIMIENTO ELECTRÓNICO DE ACUERDO CON LAS NORMAS AMBIENTALES Y DE SEGURIDAD INDUSTRIAL.'),(275,56,NULL,'1674','1. OBTENER INFORMACIÓN SOBRE LAS FALLAS PRESENTES EN LA MAQUINARIA Y EQUIPO INDUSTRIAL CUMPLIENDO LA NORMATIVIDAD DE LA EMPRESA.'),(276,56,NULL,'1675','2. INSPECCIONAR CIRCUITOS ELECTRÓNICOS PROGRAMABLES DE ACUERDO CON LAS ESPECIFICACIONES TÉCNICAS DEL FABRICANTE'),(277,56,NULL,'1676','3. INSPECCIONAR CIRCUITOS HIDRÁULICOS Y NEUMÁTICOS DE ACUERDO CON LAS ESPECIFICACIONES TÉCNICAS DEL FABRICANTE'),(278,56,NULL,'1677','4. INSPECCIONAR EL HISTORIAL DE LA MAQUINARIA PUNTUALIZANDO FALLAS CRÍTICAS O CONSECUTIVAS DE ACUERDO CON LOS REPORTES DE DAÑO'),(279,56,NULL,'1678','5. DETECTAR FUENTES TÉRMICAS O DE VIBRACIONES QUE PRODUZCAN FALLAS EN LA MAQUINARIA EVITANDO PARADAS DE MAQUINA'),(280,56,NULL,'1679','6. ESTABLECER ESTADO DE LA MAQUINARIA Y DEL PROCESO DE ACUERDO CON LAS LECTURAS REALIZADAS CON LOS INSTRUMENTOS DE MEDICIÓN Y CONTROL Y LA OBSERVACIÓN DEL PROCESO DE PRODUCCIÓN.'),(281,57,NULL,'1680','1. EJECUTAR PROCESOS DE MONITOREO EN EQUIPOS O MAQUINAS CRÍTICAS VERIFICANDO SU ESTADO ACTUAL Y PARÁMETROS DE FUNCIONAMIENTO'),(282,57,NULL,'1681','2. PREVENIR FALLAS Y PARADAS DE MAQUINA DE ACUERDO CON LOS ESTÁNDARES DE OPERACIÓN DE LOS EQUIPOS'),(283,57,NULL,'1682','3. ANALIZAR EL DESEMPEÑO DE COMPONENTES ELECTRÓNICOS EN LAS MÁQUINAS CRÍTICAS UTILIZANDO HERRAMIENTAS ESTADÍSTICAS'),(284,57,NULL,'1683','4. EVALUAR RENDIMIENTO DE LAS VARIABLES DE OPERACIÓN DE LA MAQUINARIA Y EQUIPO CONTRA PARÁMETROS NOMINALES Y CONDICIONES DE OPERACIÓN'),(285,58,NULL,'1662','1. DETECTAR FALLAS EN LA CIRCUITERÍA ELECTRÓNICA Y ELABORAR PROCEDIMIENTOS PARA LA FABRICACIÓN, RECONSTRUCCIÓN O REEMPLAZO DE CIRCUITOS O SISTEMAS ELECTRÓNICOS INDUSTRIALES QUE PERMITAN EL ALISTAMIENTO JUSTO A TIEMPO.'),(286,58,NULL,'1663','2. DETECTAR FALLAS DE PROGRAMACIÓN Y ELABORAR PROCEDIMIENTOS PARA LA FABRICACIÓN, RECONSTRUCCIÓN O REEMPLAZO DE PROGRAMAS O SISTEMAS DE PROCESAMIENTO DE DATOS INDUSTRIALES QUE PERMITAN EL ALISTAMIENTO JUSTO A TIEMPO'),(287,58,NULL,'1664','3. DETECTAR FALLAS MECÁNICAS QUE AFECTE UN SISTEMA ELECTRÓNICO Y ELABORAR PROCEDIMIENTOS PARA LA FABRICACIÓN, RECONSTRUCCIÓN O REEMPLAZO DE SISTEMAS ELECTROHIDRÁULICOS, ELECTRONEUMÁTICOS Y MECATRÓNICOS INDUSTRIALES QUE PERMITAN EL ALISTAMIENTO JUSTO A TIEMPO.'),(288,58,NULL,'1665','4. DESMONTAR O MONTAR ELEMENTOS O SISTEMAS ELECTRÓNICOS Y DE INSTRUMENTAL INDUSTRIAL DE LAS MÁQUINAS INDUSTRIALES PARA REEMPLAZARLOS O REPARARLOS'),(289,58,NULL,'1666','5. EJECUTAR ACTIVIDADES DE RECUPERACIÓN O REPARACIÓN DE SISTEMAS ELECTRÓNICOS Y DE INSTRUMENTAL INDUSTRIAL (HARDWARE Y SOFTWARE) DE ACUERDO CON LA DINÁMICA DE LA EMPRESA'),(290,58,NULL,'1667','6. PONER A PUNTO LOS SISTEMAS ELECTRÓNICOS Y DE INSTRUMENTAL INDUSTRIAL REPARADOS SIGUIENDO PARÁMETROS ESTABLECIDOS EN CATÁLOGOS Y MANUALES'),(291,58,NULL,'1668','7. INSPECCIONAR VISUALMENTE Y CON INSTRUMENTOS LOS AJUSTES DE LA MÁQUINA REPARADA PARA CONSTATAR SU CORRECTO FUNCIONAMIENTO Y SEGURIDAD DE OPERACIÓN'),(292,58,NULL,'1669','8. ENTREGAR LA MÁQUINA ASEGURANDO SU CORRECTO FUNCIONAMIENTO FRENTE A PARÁMETROS ESTABLECIDOS'),(293,59,NULL,'1670','1. ANALIZAR FALLAS ELECTRÓNICAS DE LA MAQUINARÍA PARA REDISEÑO DE LOS BIENES'),(294,59,NULL,'1671','2. ANALIZAR EL DESEMPEÑO DE LOS ELEMENTOS ELECTRÓNICOS DE LA MAQUINARIA QUE AFECTAN LA CALIDAD Y EL PROCESO DE PRODUCCIÓN'),(295,59,NULL,'1672','3. PROYECTAR Y ADAPTAR REDISEÑOS QUE MEJOREN LA OPERATIVIDAD, CONTROL Y MANTENIMIENTO ELECTRÓNICO DE LA MAQUINARIA'),(296,59,NULL,'1673','4. PROYECTAR Y ADAPTAR REDISEÑOS EN LOS SISTEMAS ELECTRÓNICOS DE CONTROL Y POTENCIA QUE INCREMENTEN LA PRODUCTIVIDAD Y LA VIDA ÚTIL DEL BIEN');
/*!40000 ALTER TABLE `resultados_aprendizaje` ENABLE KEYS */;
UNLOCK TABLES;

--
-- Table structure for table `resultados_diagnosticos`
--

DROP TABLE IF EXISTS `resultados_diagnosticos`;
/*!40101 SET @saved_cs_client     = @@character_set_client */;
/*!50503 SET character_set_client = utf8mb4 */;
CREATE TABLE `resultados_diagnosticos` (
  `id` int NOT NULL AUTO_INCREMENT,
  `test_diagnostico_id` int NOT NULL,
  `aprendiz_id` int NOT NULL,
  `puntaje` decimal(5,2) DEFAULT NULL,
  `nivel_sugerido` enum('bajo','medio','alto') DEFAULT 'bajo',
  `fecha_presentacion` timestamp NULL DEFAULT CURRENT_TIMESTAMP,
  PRIMARY KEY (`id`),
  KEY `fk_res_diag_test` (`test_diagnostico_id`),
  KEY `fk_res_diag_aprendiz` (`aprendiz_id`),
  CONSTRAINT `fk_res_diag_aprendiz` FOREIGN KEY (`aprendiz_id`) REFERENCES `usuarios` (`id`) ON DELETE CASCADE,
  CONSTRAINT `fk_res_diag_test` FOREIGN KEY (`test_diagnostico_id`) REFERENCES `tests_diagnosticos` (`id`) ON DELETE CASCADE
) ENGINE=InnoDB DEFAULT CHARSET=utf8mb4 COLLATE=utf8mb4_0900_ai_ci;
/*!40101 SET character_set_client = @saved_cs_client */;

--
-- Dumping data for table `resultados_diagnosticos`
--

LOCK TABLES `resultados_diagnosticos` WRITE;
/*!40000 ALTER TABLE `resultados_diagnosticos` DISABLE KEYS */;
/*!40000 ALTER TABLE `resultados_diagnosticos` ENABLE KEYS */;
UNLOCK TABLES;

--
-- Table structure for table `roles`
--

DROP TABLE IF EXISTS `roles`;
/*!40101 SET @saved_cs_client     = @@character_set_client */;
/*!50503 SET character_set_client = utf8mb4 */;
CREATE TABLE `roles` (
  `rol_id` int NOT NULL AUTO_INCREMENT,
  `nombre_rol` varchar(50) NOT NULL,
  PRIMARY KEY (`rol_id`),
  UNIQUE KEY `nombre_rol` (`nombre_rol`)
) ENGINE=InnoDB AUTO_INCREMENT=7 DEFAULT CHARSET=utf8mb4 COLLATE=utf8mb4_0900_ai_ci;
/*!40101 SET character_set_client = @saved_cs_client */;

--
-- Dumping data for table `roles`
--

LOCK TABLES `roles` WRITE;
/*!40000 ALTER TABLE `roles` DISABLE KEYS */;
INSERT INTO `roles` VALUES (5,'admin'),(1,'aprendiz'),(4,'coordinador academico'),(3,'experto tematico'),(2,'instructor'),(6,'rector');
/*!40000 ALTER TABLE `roles` ENABLE KEYS */;
UNLOCK TABLES;

--
-- Table structure for table `semillas`
--

DROP TABLE IF EXISTS `semillas`;
/*!40101 SET @saved_cs_client     = @@character_set_client */;
/*!50503 SET character_set_client = utf8mb4 */;
CREATE TABLE `semillas` (
  `id` int NOT NULL AUTO_INCREMENT,
  `programa_id` int NOT NULL,
  `nombre_semilla` varchar(255) DEFAULT NULL,
  `estado` enum('en_construccion','pendiente_rector','aprobada','rechazada') DEFAULT 'en_construccion',
  PRIMARY KEY (`id`),
  KEY `fk_semilla_prog` (`programa_id`),
  CONSTRAINT `fk_semilla_prog` FOREIGN KEY (`programa_id`) REFERENCES `programas` (`programa_id`)
) ENGINE=InnoDB AUTO_INCREMENT=2 DEFAULT CHARSET=utf8mb4 COLLATE=utf8mb4_0900_ai_ci;
/*!40101 SET character_set_client = @saved_cs_client */;

--
-- Dumping data for table `semillas`
--

LOCK TABLES `semillas` WRITE;
/*!40000 ALTER TABLE `semillas` DISABLE KEYS */;
INSERT INTO `semillas` VALUES (1,1,'Semilla - DESARROLLAR LA SOLUCIÓN DE SOFTWARE DE ACUERDO CON EL DISEÑO Y METODOLOGÍAS DE DESARROLLO','rechazada');
/*!40000 ALTER TABLE `semillas` ENABLE KEYS */;
UNLOCK TABLES;

--
-- Table structure for table `tests_diagnosticos`
--

DROP TABLE IF EXISTS `tests_diagnosticos`;
/*!40101 SET @saved_cs_client     = @@character_set_client */;
/*!50503 SET character_set_client = utf8mb4 */;
CREATE TABLE `tests_diagnosticos` (
  `id` int NOT NULL AUTO_INCREMENT,
  `competencia_id` int NOT NULL,
  `nombre_test` varchar(255) NOT NULL,
  `descripcion` text,
  `preguntas_json` json NOT NULL,
  `activo` tinyint(1) DEFAULT '1',
  `created_at` timestamp NULL DEFAULT CURRENT_TIMESTAMP,
  PRIMARY KEY (`id`),
  KEY `fk_test_diag_competencia` (`competencia_id`),
  CONSTRAINT `fk_test_diag_competencia` FOREIGN KEY (`competencia_id`) REFERENCES `competencias` (`id`) ON DELETE CASCADE
) ENGINE=InnoDB AUTO_INCREMENT=13 DEFAULT CHARSET=utf8mb4 COLLATE=utf8mb4_0900_ai_ci;
/*!40101 SET character_set_client = @saved_cs_client */;

--
-- Dumping data for table `tests_diagnosticos`
--

LOCK TABLES `tests_diagnosticos` WRITE;
/*!40000 ALTER TABLE `tests_diagnosticos` DISABLE KEYS */;
INSERT INTO `tests_diagnosticos` VALUES (12,14,'Hola como vamos','nvnvbnvbnv','{\"preguntas\": [{\"opciones\": [{\"texto\": \"Estimación por analogía (Analogical Estimation), que compara el proyecto actual con proyectos históricos similares para derivar el esfuerzo.\", \"es_correcta\": true}, {\"texto\": \"Análisis de Puntos de Función (Function Point Analysis), que cuantifica la funcionalidad entregada al usuario independientemente de la tecnología de implementación.\", \"es_correcta\": false}, {\"texto\": \"Planning Poker, que utiliza la estimación relativa mediante Story Points asignados por consenso del equipo Scrum.\", \"es_correcta\": false}, {\"texto\": \"COCOMO II (Constructive Cost Model), que estima el esfuerzo en persona-mes basándose en líneas de código fuente y factores de escala.\", \"es_correcta\": false}], \"enunciado\": \"En el contexto de la planificación de actividades de construcción de software, ¿cuál de las siguientes técnicas de estimación considera la complejidad funcional del sistema mediante la medición de entradas, salidas, consultas, archivos internos e interfaces externas?\"}, {\"opciones\": [{\"texto\": \"Eliminar los grupos repetitivos dentro de una tabla asegurando que cada celda contenga un único valor atómico, lo que corresponde a la Primera Forma Normal (1FN).\", \"es_correcta\": false}, {\"texto\": \"Garantizar que todos los atributos no clave dependan de la clave primaria completa, eliminando dependencias parciales, lo que corresponde a la Segunda Forma Normal (2FN).\", \"es_correcta\": false}, {\"texto\": \"Eliminar las dependencias transitivas, asegurando que los atributos no clave dependan únicamente de la clave primaria y no de otros atributos no clave.\", \"es_correcta\": true}, {\"texto\": \"Descomponer las relaciones para que cada determinante sea una clave candidata, lo que corresponde a la Forma Normal de Boyce-Codd (FNBC).\", \"es_correcta\": false}], \"enunciado\": \"Al construir una base de datos relacional, ¿cuál es el propósito principal de aplicar la Tercera Forma Normal (3FN) durante el proceso de normalización del modelo de datos?\"}, {\"opciones\": [{\"texto\": \"Store → Dispatcher → Action → View, donde la vista actualiza directamente el almacén de estado.\", \"es_correcta\": false}, {\"texto\": \"View → Store → Action → Dispatcher, donde el almacén recibe las acciones antes de ser despachadas.\", \"es_correcta\": false}, {\"texto\": \"Action → Dispatcher → Store → View, donde las acciones son despachadas, los almacenes actualizan el estado y las vistas se re-renderizan.\", \"es_correcta\": false}, {\"texto\": \"Dispatcher → View → Action → Store, donde el despachador inicia el ciclo de renderizado de la interfaz de usuario.\", \"es_correcta\": true}], \"enunciado\": \"En el desarrollo de componentes front-end, el patrón de arquitectura Flux propuesto por Meta (Facebook) establece un flujo de datos unidireccional. ¿Cuál es el orden correcto de los elementos que componen este flujo?\"}, {\"opciones\": [{\"texto\": \"Una clase debe tener una sola razón para cambiar, lo que significa que debe encapsular una única responsabilidad cohesiva dentro del sistema.\", \"es_correcta\": false}, {\"texto\": \"Los módulos de alto nivel no deben depender de módulos de bajo nivel; ambos deben depender de abstracciones, y las abstracciones no deben depender de los detalles.\", \"es_correcta\": true}, {\"texto\": \"Las entidades de software deben estar abiertas para la extensión pero cerradas para la modificación, utilizando herencia o composición para agregar comportamiento.\", \"es_correcta\": false}, {\"texto\": \"Los objetos de un programa deben ser reemplazables por instancias de sus subtipos sin alterar la corrección del programa, preservando el contrato de la clase base.\", \"es_correcta\": false}], \"enunciado\": \"Durante la codificación de software, el principio SOLID conocido como \'Principio de Inversión de Dependencias\' (DIP) establece que:\"}, {\"opciones\": [{\"texto\": \"Identificar las rutas de ejecución independientes dentro del código fuente mediante el análisis del grafo de flujo de control, calculando la complejidad ciclomática.\", \"es_correcta\": false}, {\"texto\": \"Diseñar casos de prueba que ejerciten los valores en los extremos y justo fuera de los rangos de las clases de equivalencia, donde la probabilidad de encontrar defectos es mayor.\", \"es_correcta\": true}, {\"texto\": \"Particionar el dominio de entrada en clases de equivalencia donde todos los valores de cada clase se espera que sean procesados de la misma manera por el software.\", \"es_correcta\": false}, {\"texto\": \"Evaluar el comportamiento del sistema bajo condiciones de carga extrema para determinar el punto de quiebre y los umbrales máximos de rendimiento aceptable.\", \"es_correcta\": false}], \"enunciado\": \"En el ámbito de las pruebas de software, la técnica de \'Análisis de Valor Límite\' (Boundary Value Analysis) se aplica principalmente para:\"}], \"descripcion\": \"nvnvbnvbnv\", \"nombre_test\": \"Hola como vamos\"}',1,'2026-05-16 02:02:05');
/*!40000 ALTER TABLE `tests_diagnosticos` ENABLE KEYS */;
UNLOCK TABLES;

--
-- Table structure for table `tests_ia`
--

DROP TABLE IF EXISTS `tests_ia`;
/*!40101 SET @saved_cs_client     = @@character_set_client */;
/*!50503 SET character_set_client = utf8mb4 */;
CREATE TABLE `tests_ia` (
  `id` int NOT NULL AUTO_INCREMENT,
  `seccion_id` int NOT NULL,
  `nombre_test` varchar(255) DEFAULT NULL,
  `ponderacion` decimal(5,2) DEFAULT NULL,
  `preguntas_json` json DEFAULT NULL,
  PRIMARY KEY (`id`),
  KEY `fk_test_seccion` (`seccion_id`),
  CONSTRAINT `fk_test_seccion` FOREIGN KEY (`seccion_id`) REFERENCES `ciclo_secciones` (`id`) ON DELETE CASCADE
) ENGINE=InnoDB DEFAULT CHARSET=utf8mb4 COLLATE=utf8mb4_0900_ai_ci;
/*!40101 SET character_set_client = @saved_cs_client */;

--
-- Dumping data for table `tests_ia`
--

LOCK TABLES `tests_ia` WRITE;
/*!40000 ALTER TABLE `tests_ia` DISABLE KEYS */;
/*!40000 ALTER TABLE `tests_ia` ENABLE KEYS */;
UNLOCK TABLES;

--
-- Table structure for table `usuarios`
--

DROP TABLE IF EXISTS `usuarios`;
/*!40101 SET @saved_cs_client     = @@character_set_client */;
/*!50503 SET character_set_client = utf8mb4 */;
CREATE TABLE `usuarios` (
  `id` int NOT NULL AUTO_INCREMENT,
  `rol_id` int NOT NULL,
  `nombre` varchar(100) NOT NULL,
  `correo` varchar(150) NOT NULL,
  `contrasena` varchar(255) DEFAULT NULL,
  `activo` tinyint(1) DEFAULT '1',
  `google_id` varchar(255) DEFAULT NULL,
  `created_at` timestamp NULL DEFAULT CURRENT_TIMESTAMP,
  `updated_at` timestamp NULL DEFAULT CURRENT_TIMESTAMP ON UPDATE CURRENT_TIMESTAMP,
  PRIMARY KEY (`id`),
  UNIQUE KEY `correo` (`correo`),
  UNIQUE KEY `google_id` (`google_id`),
  KEY `fk_usuario_rol` (`rol_id`),
  CONSTRAINT `fk_usuario_rol` FOREIGN KEY (`rol_id`) REFERENCES `roles` (`rol_id`) ON DELETE RESTRICT
) ENGINE=InnoDB AUTO_INCREMENT=6 DEFAULT CHARSET=utf8mb4 COLLATE=utf8mb4_0900_ai_ci;
/*!40101 SET character_set_client = @saved_cs_client */;

--
-- Dumping data for table `usuarios`
--

LOCK TABLES `usuarios` WRITE;
/*!40000 ALTER TABLE `usuarios` DISABLE KEYS */;
INSERT INTO `usuarios` VALUES (1,5,'Julian Guevara','juliandguevara12@gmail.com',NULL,1,'112261216418703271589','2026-04-22 11:28:16','2026-04-22 11:28:16'),(2,4,'Julián Guevara','juliandguevara13@gmail.com',NULL,1,'103056020201633142895','2026-04-22 11:30:08','2026-05-12 14:33:55'),(3,3,'Prueba','prueba@gmail.com',NULL,1,NULL,'2026-04-22 11:30:08','2026-05-12 14:33:55'),(4,3,'Pruebados','prueba2@gmail.com',NULL,1,NULL,'2026-04-22 11:30:08','2026-05-12 15:43:09'),(5,3,'Julian','juliandguevara25@gmail.com',NULL,1,'111199419274961916730','2026-05-18 04:42:00','2026-05-18 04:42:00');
/*!40000 ALTER TABLE `usuarios` ENABLE KEYS */;
UNLOCK TABLES;

--
-- Table structure for table `vinculacion_instructores`
--

DROP TABLE IF EXISTS `vinculacion_instructores`;
/*!40101 SET @saved_cs_client     = @@character_set_client */;
/*!50503 SET character_set_client = utf8mb4 */;
CREATE TABLE `vinculacion_instructores` (
  `id` int NOT NULL AUTO_INCREMENT,
  `instructor_id` int NOT NULL,
  `ficha_id` int NOT NULL,
  `competencia_id` int NOT NULL,
  PRIMARY KEY (`id`),
  KEY `fk_vinc_inst` (`instructor_id`),
  KEY `fk_vinc_ficha` (`ficha_id`),
  KEY `fk_vinc_comp` (`competencia_id`),
  CONSTRAINT `fk_vinc_comp` FOREIGN KEY (`competencia_id`) REFERENCES `competencias` (`id`),
  CONSTRAINT `fk_vinc_ficha` FOREIGN KEY (`ficha_id`) REFERENCES `fichas` (`id`) ON DELETE CASCADE,
  CONSTRAINT `fk_vinc_inst` FOREIGN KEY (`instructor_id`) REFERENCES `usuarios` (`id`)
) ENGINE=InnoDB DEFAULT CHARSET=utf8mb4 COLLATE=utf8mb4_0900_ai_ci;
/*!40101 SET character_set_client = @saved_cs_client */;

--
-- Dumping data for table `vinculacion_instructores`
--

LOCK TABLES `vinculacion_instructores` WRITE;
/*!40000 ALTER TABLE `vinculacion_instructores` DISABLE KEYS */;
/*!40000 ALTER TABLE `vinculacion_instructores` ENABLE KEYS */;
UNLOCK TABLES;
/*!40103 SET TIME_ZONE=@OLD_TIME_ZONE */;

/*!40101 SET SQL_MODE=@OLD_SQL_MODE */;
/*!40014 SET FOREIGN_KEY_CHECKS=@OLD_FOREIGN_KEY_CHECKS */;
/*!40014 SET UNIQUE_CHECKS=@OLD_UNIQUE_CHECKS */;
/*!40101 SET CHARACTER_SET_CLIENT=@OLD_CHARACTER_SET_CLIENT */;
/*!40101 SET CHARACTER_SET_RESULTS=@OLD_CHARACTER_SET_RESULTS */;
/*!40101 SET COLLATION_CONNECTION=@OLD_COLLATION_CONNECTION */;
/*!40111 SET SQL_NOTES=@OLD_SQL_NOTES */;

-- Dump completed on 2026-05-18 22:51:05
